uid,domainID,siteID,plotID,trapID,collectDate,etOHChangeDate,processingDate,identifiedDate,associatedSampleID,sampleID,targetTaxaPresent,sampleType,taxonID,scientificName,taxonRank,identificationQualifier,scientificNameAuthorship,morphospeciesID,individualCount,identificationReferences,identifiedBy,recordedBy,remarks,duplicateSampleIDQF
50D78B4C853F4A2C9E79E882B85E64A3,D15,ONAQ,ONAQ_002,S,7/3/2014,7/3/2014,9/30/2014,,ONAQ_002.20140703.ib.01,ONAQ_002.20140703.ib.01,Y,invert bycatch,,,,,,,,,,MsOTQ1geTJhrCbvL1TRCXJuSny+2Sy71Zy8Sr48fw6g=,,2
80B36B6BB0A84C4A8350004320672A92,D15,ONAQ,ONAQ_012,S,7/3/2014,7/3/2014,4/15/2015,4/15/2015,ONAQ_012.S.20140703.cc.01,ONAQ_012.S.20140703.cc.01,Y,common carabid,,,,,,D15.2014.MorphB,1,"American Beetles"" Arnett/ Thomas 2001""",z9Nb0fxJczdmi0utaYua6PSPTHDIrAD9,/h2P7iNCFob6MrtXvZ/0KV0VExqkPzVY,"There is only one common carabid beetle from this plot (that hasn't been pinned) and date for this tube, kept sample ID as ONAQ.012.S.20140703.cc.01"" as final sample ID  as was not actually pooled w/any other common carabids from other traps.""",0
95090282151C467EBD810B32F9856C6E,D15,ONAQ,ONAQ_012,N,7/3/2014,7/3/2014,9/30/2014,,ONAQ_012.20140703.ib.01,ONAQ_012.20140703.ib.01,N,invert bycatch,,,,,,,,,,MsOTQ1geTJhrCbvL1TRCXJuSny+2Sy71Zy8Sr48fw6g=,,2
B0998570E2E8437396A34398D6BD3553,D15,ONAQ,ONAQ_012,E,7/3/2014,7/3/2014,9/30/2014,,ONAQ_012.20140703.ib.01,ONAQ_012.20140703.ib.01,N,invert bycatch,,,,,,,,,,MsOTQ1geTJhrCbvL1TRCXJuSny+2Sy71Zy8Sr48fw6g=,,2
78B84391C301470683464F190B90DD62,D15,ONAQ,ONAQ_012,S,7/3/2014,7/3/2014,9/30/2014,,ONAQ_012.20140703.ib.01,ONAQ_012.20140703.ib.01,Y,invert bycatch,,,,,,,,,,MsOTQ1geTJhrCbvL1TRCXJuSny+2Sy71Zy8Sr48fw6g=,,2
B70EDA2FB4FC4EA387FAD3A29AE189E6,D15,ONAQ,ONAQ_012,W,7/3/2014,7/3/2014,9/30/2014,,ONAQ_012.20140703.ib.01,ONAQ_012.20140703.ib.01,Y,invert bycatch,,,,,,,,,,MsOTQ1geTJhrCbvL1TRCXJuSny+2Sy71Zy8Sr48fw6g=,,2
ACE3CB83E48F44F4BCF302AD2A8BCB91,D15,ONAQ,ONAQ_010,S,7/3/2014,7/3/2014,9/16/2014,,ONAQ_010.20140703.ib.01,ONAQ_010.20140703.ib.01,N,invert bycatch,,,,,,,,,,B5YzZg28369xWGye0Wf9qxMwC1Zdm1gM,,2
009A6AA6038A42A4AE03216741018679,D15,ONAQ,ONAQ_010,W,7/3/2014,7/3/2014,9/16/2014,,ONAQ_010.20140703.ib.01,ONAQ_010.20140703.ib.01,Y,invert bycatch,,,,,,,,,,B5YzZg28369xWGye0Wf9qxMwC1Zdm1gM,,2
73A0F058D91D44F8B457F477FA261663,D15,ONAQ,ONAQ_010,E,7/3/2014,7/3/2014,9/16/2014,,ONAQ_010.20140703.ib.01,ONAQ_010.20140703.ib.01,N,invert bycatch,,,,,,,,,,B5YzZg28369xWGye0Wf9qxMwC1Zdm1gM,,2
3534EFDC30A6448CBD0A59A3D3261AC1,D15,ONAQ,ONAQ_010,N,7/3/2014,7/3/2014,9/16/2014,,ONAQ_010.20140703.ib.01,ONAQ_010.20140703.ib.01,N,invert bycatch,,,,,,,,,,B5YzZg28369xWGye0Wf9qxMwC1Zdm1gM,,2
3741828DB59C4E05B1F6309CDB47D52D,D15,ONAQ,ONAQ_009,W,7/3/2014,7/3/2014,7/3/2014,,ONAQ_009.20140703.ib.02,ONAQ_009.20140703.ib.02,Y,invert bycatch,,,,,,,,,,B5YzZg28369xWGye0Wf9qxMwC1Zdm1gM,,0
78FFFE636CAC454B83181C7C7A348E9C,D15,ONAQ,ONAQ_009,E,7/3/2014,7/3/2014,7/3/2014,,ONAQ_009.20140703.ib.01,ONAQ_009.20140703.ib.01,N,invert bycatch,,,,,,,,,,B5YzZg28369xWGye0Wf9qxMwC1Zdm1gM,,2
139412230A1248BD8F4170EA2EF7A8DF,D15,ONAQ,ONAQ_009,S,7/3/2014,7/3/2014,7/3/2014,,ONAQ_009.20140703.ib.01,ONAQ_009.20140703.ib.01,N,invert bycatch,,,,,,,,,,B5YzZg28369xWGye0Wf9qxMwC1Zdm1gM,,2
9F3DFBF22CFF451B824B9AEA871F42BA,D15,ONAQ,ONAQ_009,N,7/3/2014,7/3/2014,7/3/2014,,ONAQ_009.20140703.ib.01,ONAQ_009.20140703.ib.01,Y,invert bycatch,,,,,,,,,,B5YzZg28369xWGye0Wf9qxMwC1Zdm1gM,,2
C3E9DA5B93D44BB895EFD7D85448AC5B,D15,ONAQ,ONAQ_009,S,7/3/2014,7/3/2014,4/15/2015,4/15/2015,ONAQ_009.S.20140703.cc.01,ONAQ_009.S.20140703.cc.01,Y,common carabid,,,,,,D15.2014.MorphC,1,"American Beetles"" Arnett/ Thomas 2001""",z9Nb0fxJczdmi0utaYua6PSPTHDIrAD9,/h2P7iNCFob6MrtXvZ/0KV0VExqkPzVY,"There is only one common carabid beetle from this plot (that hasn't been pinned) and date for this tube, kept sample ID as ONAQ.009.S.20140703.cc.01"" as final sample ID  as was not actually pooled with any other common carabids from other traps.""",0
9534385C858C4981BEEAE07711F78330,D15,ONAQ,ONAQ_008,W,7/3/2014,7/3/2014,9/16/2014,,ONAQ_008.20140703.ib.01,ONAQ_008.20140703.ib.01,Y,invert bycatch,,,,,,,,,,MsOTQ1geTJhrCbvL1TRCXJuSny+2Sy71Zy8Sr48fw6g=,,2
815CB4F81BCD485F86CC65879876AB16,D15,ONAQ,ONAQ_008,S,7/3/2014,7/3/2014,9/16/2014,,ONAQ_008.20140703.ib.01,ONAQ_008.20140703.ib.01,N,invert bycatch,,,,,,,,,,MsOTQ1geTJhrCbvL1TRCXJuSny+2Sy71Zy8Sr48fw6g=,,2
458540B1F91F49FE8401B2CD34252103,D15,ONAQ,ONAQ_008,E,7/3/2014,7/3/2014,9/16/2014,,ONAQ_008.20140703.ib.01,ONAQ_008.20140703.ib.01,Y,invert bycatch,,,,,,,,,,MsOTQ1geTJhrCbvL1TRCXJuSny+2Sy71Zy8Sr48fw6g=,,2
F7ADE26DED2048598CEB19A5F99CABAB,D15,ONAQ,ONAQ_008,N,7/3/2014,7/3/2014,9/16/2014,,ONAQ_008.20140703.ib.01,ONAQ_008.20140703.ib.01,Y,invert bycatch,,,,,,,,,,MsOTQ1geTJhrCbvL1TRCXJuSny+2Sy71Zy8Sr48fw6g=,,2
1E9533619FE34FBA9FD98F7602F07B89,D15,ONAQ,ONAQ_006,W,7/3/2014,7/3/2014,9/9/2014,,ONAQ_006.20140703.ib.01,ONAQ_006.20140703.ib.01,N,invert bycatch,,,,,,,,,,B5YzZg28369xWGye0Wf9qxMwC1Zdm1gM,,2
7BAA8E2484CD4065AF63D3B6340B27DD,D15,ONAQ,ONAQ_006,S,7/3/2014,7/3/2014,9/9/2014,,ONAQ_006.20140703.ib.01,ONAQ_006.20140703.ib.01,Y,invert bycatch,,,,,,,,,,B5YzZg28369xWGye0Wf9qxMwC1Zdm1gM,,2
223893262DF04367BE05F710BB808B56,D15,ONAQ,ONAQ_006,E,7/3/2014,7/3/2014,9/9/2014,,ONAQ_006.20140703.ib.01,ONAQ_006.20140703.ib.01,Y,invert bycatch,,,,,,,,,,B5YzZg28369xWGye0Wf9qxMwC1Zdm1gM,,2
0BFD4531BFDC46B6B66CDCE6B5280219,D15,ONAQ,ONAQ_006,N,7/3/2014,7/3/2014,9/9/2014,,ONAQ_006.20140703.ib.01,ONAQ_006.20140703.ib.01,Y,invert bycatch,,,,,,,,,,B5YzZg28369xWGye0Wf9qxMwC1Zdm1gM,,2
814006ADB659458BA76B7DEDFB3CB212,D15,ONAQ,ONAQ_007,N,7/3/2014,7/3/2014,9/16/2014,,ONAQ_007.20140703.ib.01,ONAQ_007.20140703.ib.01,N,invert bycatch,,,,,,,,,,MsOTQ1geTJhrCbvL1TRCXJuSny+2Sy71Zy8Sr48fw6g=,,0
52FE00090A3B481F8D3642C00FAC74DF,D15,ONAQ,ONAQ_005,N,7/3/2014,7/3/2014,9/30/2014,,ONAQ_005.20140703.ib.01,ONAQ_005.20140703.ib.01,Y,invert bycatch,,,,,,,,,,MsOTQ1geTJhrCbvL1TRCXJuSny+2Sy71Zy8Sr48fw6g=,,2
85DEF10241094FE18169445ECBFC843A,D15,ONAQ,ONAQ_005,S,7/3/2014,7/3/2014,9/30/2014,,ONAQ_005.20140703.ib.01,ONAQ_005.20140703.ib.01,N,invert bycatch,,,,,,,,,,MsOTQ1geTJhrCbvL1TRCXJuSny+2Sy71Zy8Sr48fw6g=,,2
A548926D2C9B48EE9D5D7C0ECC339D6D,D15,ONAQ,ONAQ_005,W,7/3/2014,7/3/2014,9/30/2014,,ONAQ_005.20140703.ib.01,ONAQ_005.20140703.ib.01,Y,invert bycatch,,,,,,,,,,MsOTQ1geTJhrCbvL1TRCXJuSny+2Sy71Zy8Sr48fw6g=,,2
C032D73803674ADABC27B00DE4EC9DB0,D15,ONAQ,ONAQ_005,E,7/3/2014,7/3/2014,9/30/2014,,ONAQ_005.20140703.ib.01,ONAQ_005.20140703.ib.01,N,invert bycatch,,,,,,,,,,MsOTQ1geTJhrCbvL1TRCXJuSny+2Sy71Zy8Sr48fw6g=,,2
FCDDC0A3397745B098BAB573D52E6F34,D15,ONAQ,ONAQ_005,N,7/3/2014,7/3/2014,4/15/2015,4/15/2015,ONAQ_005.N.20140703.cc.01,ONAQ_005.20140703.cc.01,Y,common carabid,,,,,,D15.2014.MorphC,2,"American Beetles"" Arnett/ Thomas 2001""",z9Nb0fxJczdmi0utaYua6PSPTHDIrAD9,/h2P7iNCFob6MrtXvZ/0KV0VExqkPzVY,No remarks,0
590BB72D9D89479D802270512363C888,D15,ONAQ,ONAQ_005,W,7/3/2014,7/3/2014,4/15/2015,4/15/2015,ONAQ_005.W.20140703.cc.01,ONAQ_005.20140703.cc.01,Y,common carabid,,,,,,D15.2014.MorphC,1,"American Beetles"" Arnett/ Thomas 2001""",z9Nb0fxJczdmi0utaYua6PSPTHDIrAD9,/h2P7iNCFob6MrtXvZ/0KV0VExqkPzVY,One Melyridae removed,0
EC6558992011494B8A4CC899EE5F70C9,D15,ONAQ,ONAQ_004,N,7/3/2014,7/3/2014,9/10/2014,,ONAQ_004.20140703.ib.01,ONAQ_004.20140703.ib.01,Y,invert bycatch,,,,,,,,,,B5YzZg28369xWGye0Wf9qxMwC1Zdm1gM,,0
3933135C4CEB49E3A9E5E575860794A7,D15,ONAQ,ONAQ_003,W,7/3/2014,7/4/2014,9/30/2014,,ONAQ_003.20140703.ib.01,ONAQ_003.20140703.ib.01,N,invert bycatch,,,,,,,,,,MsOTQ1geTJhrCbvL1TRCXJuSny+2Sy71Zy8Sr48fw6g=,,2
04813B8DF2FF475E9B6E88377F70BAD1,D15,ONAQ,ONAQ_003,S,7/3/2014,7/4/2014,9/30/2014,,ONAQ_003.20140703.ib.01,ONAQ_003.20140703.ib.01,Y,invert bycatch,,,,,,,,,,MsOTQ1geTJhrCbvL1TRCXJuSny+2Sy71Zy8Sr48fw6g=,,2
2549C75F4FC345D79CC32B572BAB112A,D15,ONAQ,ONAQ_003,N,7/3/2014,7/4/2014,9/30/2014,,ONAQ_003.20140703.ib.01,ONAQ_003.20140703.ib.01,Y,invert bycatch,,,,,,,,,,MsOTQ1geTJhrCbvL1TRCXJuSny+2Sy71Zy8Sr48fw6g=,,2
181DB6CB492741968D1CA6BC73B1DB0F,D15,ONAQ,ONAQ_003,E,7/3/2014,7/4/2014,9/30/2014,,ONAQ_003.20140703.ib.01,ONAQ_003.20140703.ib.01,N,invert bycatch,,,,,,,,,,MsOTQ1geTJhrCbvL1TRCXJuSny+2Sy71Zy8Sr48fw6g=,,2
886AEAA205404CA0B3DA20A397955082,D15,ONAQ,ONAQ_002,N,7/3/2014,7/3/2014,9/30/2014,,ONAQ_002.20140703.ib.01,ONAQ_002.20140703.ib.01,Y,invert bycatch,,,,,,,,,,MsOTQ1geTJhrCbvL1TRCXJuSny+2Sy71Zy8Sr48fw6g=,,2
FCB836535D5D47B685A92F6AC2F43838,D15,ONAQ,ONAQ_002,E,7/3/2014,7/3/2014,9/30/2014,,ONAQ_002.20140703.ib.01,ONAQ_002.20140703.ib.01,N,invert bycatch,,,,,,,,,,MsOTQ1geTJhrCbvL1TRCXJuSny+2Sy71Zy8Sr48fw6g=,,2
4E69B08B63C446999EC29B14DF7F2AE0,D15,ONAQ,ONAQ_002,W,7/3/2014,7/3/2014,9/30/2014,,ONAQ_002.20140703.ib.01,ONAQ_002.20140703.ib.01,N,invert bycatch,,,,,,,,,,MsOTQ1geTJhrCbvL1TRCXJuSny+2Sy71Zy8Sr48fw6g=,,2
57661841B6C54AA58FBB999D32259D31,D15,ONAQ,ONAQ_002,N,7/3/2014,7/3/2014,4/15/2015,4/15/2015,ONAQ_002.N.20140703.cc.01,ONAQ_002.20140703.cc.01,Y,common carabid,,,,,,D15.2014.MorphB,1,"American Beetles"" Arnett/ Thomas 2001""",z9Nb0fxJczdmi0utaYua6PSPTHDIrAD9,/h2P7iNCFob6MrtXvZ/0KV0VExqkPzVY,Lebiini,0
7C07081D95004AEDAFE7101AEE8D1E4F,D15,ONAQ,ONAQ_002,S,7/3/2014,7/3/2014,4/15/2015,4/15/2015,ONAQ_002.S.20140703.cc.01,ONAQ_002.20140703.cc.01,Y,common carabid,,,,,,D15.2014.MorphC,1,"American Beetles"" Arnett/ Thomas 2001""",z9Nb0fxJczdmi0utaYua6PSPTHDIrAD9,/h2P7iNCFob6MrtXvZ/0KV0VExqkPzVY,Zabrini,0
23F4827B32D94668A56E0021FF3AE981,D15,ONAQ,ONAQ_002,E,7/17/2014,7/18/2014,8/21/2014,,ONAQ_002.20140717.ib.01,ONAQ_002.20140717.ib.01,Y,invert bycatch,,,,,,,,,,MsOTQ1geTJhrCbvL1TRCXJuSny+2Sy71Zy8Sr48fw6g=,,2
C6530A883E9842FCA4D906833DAD7DAD,D15,ONAQ,ONAQ_012,N,7/17/2014,7/18/2014,8/28/2014,,ONAQ_012.20140717.ib.01,ONAQ_012.20140717.ib.01,N,invert bycatch,,,,,,,,,,MsOTQ1geTJhrCbvL1TRCXJuSny+2Sy71Zy8Sr48fw6g=,,2
68ACA11584A545568BD9953C23B5507E,D15,ONAQ,ONAQ_012,E,7/17/2014,7/18/2014,8/28/2014,,ONAQ_012.20140717.ib.01,ONAQ_012.20140717.ib.01,N,invert bycatch,,,,,,,,,,MsOTQ1geTJhrCbvL1TRCXJuSny+2Sy71Zy8Sr48fw6g=,,2
87715343CD814D08A6A9CCC517459FBC,D15,ONAQ,ONAQ_012,W,7/17/2014,7/18/2014,8/28/2014,,ONAQ_012.20140717.ib.01,ONAQ_012.20140717.ib.01,N,invert bycatch,,,,,,,,,,MsOTQ1geTJhrCbvL1TRCXJuSny+2Sy71Zy8Sr48fw6g=,,2
EBB1838D9AC2424695E3D8E7A24161DA,D15,ONAQ,ONAQ_012,S,7/17/2014,7/18/2014,8/28/2014,,ONAQ_012.20140717.ib.01,ONAQ_012.20140717.ib.01,Y,invert bycatch,,,,,,,,,,MsOTQ1geTJhrCbvL1TRCXJuSny+2Sy71Zy8Sr48fw6g=,,2
A66848275EC64C048F1A0D0A8469FE5D,D15,ONAQ,ONAQ_010,N,7/17/2014,7/18/2014,8/21/2014,,ONAQ_010.20140717.ib.01,ONAQ_010.20140717.ib.01,N,invert bycatch,,,,,,,,,,MsOTQ1geTJhrCbvL1TRCXJuSny+2Sy71Zy8Sr48fw6g=,,0
50D2E90DA9834234A45D1E81081124E4,D15,ONAQ,ONAQ_009,N,7/17/2014,7/18/2014,9/10/2014,,ONAQ_009.20140717.ib.01,ONAQ_009.20140717.ib.01,Y,invert bycatch,,,,,,,,,,qnNRlNDF2ndv9+C3oWEt5IdhKZpI37LJ,,2
AF402D2E36E04F0CA5216DDA8E5687BE,D15,ONAQ,ONAQ_009,S,7/17/2014,7/18/2014,9/10/2014,,ONAQ_009.20140717.ib.01,ONAQ_009.20140717.ib.01,N,invert bycatch,,,,,,,,,,qnNRlNDF2ndv9+C3oWEt5IdhKZpI37LJ,,2
88BF8ACA3BEE48E78A1CBCDEC1446648,D15,ONAQ,ONAQ_009,W,7/17/2014,7/18/2014,9/10/2014,,ONAQ_009.20140717.ib.01,ONAQ_009.20140717.ib.01,Y,invert bycatch,,,,,,,,,,qnNRlNDF2ndv9+C3oWEt5IdhKZpI37LJ,,2
6ABB5E9073E044A79198FAD2BA154418,D15,ONAQ,ONAQ_009,E,7/17/2014,7/18/2014,9/10/2014,,ONAQ_009.20140717.ib.01,ONAQ_009.20140717.ib.01,N,invert bycatch,,,,,,,,,,qnNRlNDF2ndv9+C3oWEt5IdhKZpI37LJ,,2
92AC77582F7D422AA039A127DFB2A175,D15,ONAQ,ONAQ_008,E,7/17/2014,7/18/2014,9/10/2014,,ONAQ_008.20140717.ib.02,ONAQ_008.20140717.ib.02,N,invert bycatch,,,,,,,,,,B5YzZg28369xWGye0Wf9qxMwC1Zdm1gM,,2
71834C89BBD54E6299FA18CA37050123,D15,ONAQ,ONAQ_008,W,7/17/2014,7/18/2014,9/10/2014,,ONAQ_008.20140717.ib.02,ONAQ_008.20140717.ib.02,N,invert bycatch,,,,,,,,,,B5YzZg28369xWGye0Wf9qxMwC1Zdm1gM,,2
0809ACE583C1485AADA136FC2C04A051,D15,ONAQ,ONAQ_008,N,7/17/2014,7/18/2014,9/10/2014,,ONAQ_008.20140717.ib.01,ONAQ_008.20140717.ib.01,N,invert bycatch,,,,,,,,,,B5YzZg28369xWGye0Wf9qxMwC1Zdm1gM,,2
E3E5754001DB46A8A2D782B514E5087C,D15,ONAQ,ONAQ_008,S,7/17/2014,7/18/2014,9/10/2014,,ONAQ_008.20140717.ib.01,ONAQ_008.20140717.ib.01,Y,invert bycatch,,,,,,,,,,B5YzZg28369xWGye0Wf9qxMwC1Zdm1gM,,2
8BD76D60597947228C9ED187E0B39C90,D15,ONAQ,ONAQ_006,N,7/17/2014,7/18/2014,9/16/2014,,ONAQ_006.20140717.ib.01,ONAQ_006.20140717.ib.01,Y,invert bycatch,,,,,,,,,,MsOTQ1geTJhrCbvL1TRCXJuSny+2Sy71Zy8Sr48fw6g=,,2
DEE79D5FA27B467E8561649FC2D56F00,D15,ONAQ,ONAQ_006,E,7/17/2014,7/18/2014,9/16/2014,,ONAQ_006.20140717.ib.01,ONAQ_006.20140717.ib.01,N,invert bycatch,,,,,,,,,,MsOTQ1geTJhrCbvL1TRCXJuSny+2Sy71Zy8Sr48fw6g=,,2
67B5914BDA2B45F5B97EBE140687B15A,D15,ONAQ,ONAQ_006,W,7/17/2014,7/18/2014,9/16/2014,,ONAQ_006.20140717.ib.01,ONAQ_006.20140717.ib.01,Y,invert bycatch,,,,,,,,,,MsOTQ1geTJhrCbvL1TRCXJuSny+2Sy71Zy8Sr48fw6g=,,2
EA25DEB791AE45EE94C10A5384E56F52,D15,ONAQ,ONAQ_006,S,7/17/2014,7/18/2014,9/16/2014,,ONAQ_006.20140717.ib.01,ONAQ_006.20140717.ib.01,Y,invert bycatch,,,,,,,,,,MsOTQ1geTJhrCbvL1TRCXJuSny+2Sy71Zy8Sr48fw6g=,,2
852CE9372F224164B35139B4A2DE44B8,D15,ONAQ,ONAQ_007,N,7/17/2014,7/18/2014,4/15/2015,4/15/2015,ONAQ_007.N.20140717.cc.01,ONAQ_007.20140717.cc.01,Y,common carabid,,,,,,D15.2014.MorphB,1,"American Beetles"" Arnett/ Thomas 2001""",z9Nb0fxJczdmi0utaYua6PSPTHDIrAD9,/h2P7iNCFob6MrtXvZ/0KV0VExqkPzVY,No Remarks,0
BFE691DDC2864565AE283373B20F6FB4,D15,ONAQ,ONAQ_007,E,7/17/2014,7/18/2014,4/15/2015,4/15/2015,ONAQ_007.E.20140717.cc.02,ONAQ_007.20140717.cc.01,Y,common carabid,,,,,,D15.2014.MorphB,2,"American Beetles"" Arnett/ Thomas 2001""",z9Nb0fxJczdmi0utaYua6PSPTHDIrAD9,/h2P7iNCFob6MrtXvZ/0KV0VExqkPzVY,No Remarks,0
BF1E7034101F4DC9B3E31D2D8A30CB21,D15,ONAQ,ONAQ_007,W,7/17/2014,7/18/2014,4/15/2015,4/15/2015,ONAQ_007.W.20140717.cc.01,ONAQ_007.20140717.cc.01,Y,common carabid,,,,,,D15.2014.MorphB,1,"American Beetles"" Arnett/ Thomas 2001""",z9Nb0fxJczdmi0utaYua6PSPTHDIrAD9,/h2P7iNCFob6MrtXvZ/0KV0VExqkPzVY,No Remarks,0
BD8A6C9FA10D46FB895F187EC172FD4A,D15,ONAQ,ONAQ_007,E,7/17/2014,7/18/2014,4/15/2015,4/15/2015,ONAQ_007.E.20140717.cc.01,ONAQ_007.20140717.cc.01,Y,common carabid,,,,,,D15.2014.MorphC,1,"American Beetles"" Arnett/ Thomas 2001""",z9Nb0fxJczdmi0utaYua6PSPTHDIrAD9,/h2P7iNCFob6MrtXvZ/0KV0VExqkPzVY,No Remarks,0
4E1E3D8D6191446A9E77F162C72B1C89,D15,ONAQ,ONAQ_007,S,7/17/2014,7/18/2014,4/15/2015,4/15/2015,ONAQ_007.S.20140717.cc.01,ONAQ_007.20140717.cc.01,Y,common carabid,,,,,,D15.2014.MorphB,1,"American Beetles"" Arnett/ Thomas 2001""",z9Nb0fxJczdmi0utaYua6PSPTHDIrAD9,/h2P7iNCFob6MrtXvZ/0KV0VExqkPzVY,No Remarks,0
ADACB0C8B2274599872B67F1FF5AB196,D15,ONAQ,ONAQ_007,S,7/17/2014,7/18/2014,9/10/2014,,ONAQ_007.20140717.ib.01,ONAQ_007.20140717.ib.01,N,invert bycatch,,,,,,,,,,MsOTQ1geTJhrCbvL1TRCXJuSny+2Sy71Zy8Sr48fw6g=,,2
ABBF36E8854446C8A3EDA707CF8803BF,D15,ONAQ,ONAQ_007,E,7/17/2014,7/18/2014,9/10/2014,,ONAQ_007.20140717.ib.01,ONAQ_007.20140717.ib.01,Y,invert bycatch,,,,,,,,,,MsOTQ1geTJhrCbvL1TRCXJuSny+2Sy71Zy8Sr48fw6g=,,2
3F16FAEA8C0F4958B764E7F397552074,D15,ONAQ,ONAQ_007,N,7/17/2014,7/18/2014,9/10/2014,,ONAQ_007.20140717.ib.01,ONAQ_007.20140717.ib.01,Y,invert bycatch,,,,,,,,,,MsOTQ1geTJhrCbvL1TRCXJuSny+2Sy71Zy8Sr48fw6g=,,2
889E33B8A2FD45C4AC24A619B167344F,D15,ONAQ,ONAQ_007,W,7/17/2014,7/18/2014,9/10/2014,,ONAQ_007.20140717.ib.01,ONAQ_007.20140717.ib.01,Y,invert bycatch,,,,,,,,,,MsOTQ1geTJhrCbvL1TRCXJuSny+2Sy71Zy8Sr48fw6g=,,2
0B69BBA670014BB7A0E0AEA42EB3D398,D15,ONAQ,ONAQ_005,N,7/17/2014,7/18/2014,8/28/2014,,ONAQ_005.20140717.ib.01,ONAQ_005.20140717.ib.01,N,invert bycatch,,,,,,,,,,MsOTQ1geTJhrCbvL1TRCXJuSny+2Sy71Zy8Sr48fw6g=,,0
EDD71C933FB74604B957B33FA273898E,D15,ONAQ,ONAQ_004,S,7/17/2014,7/18/2014,4/15/2015,4/15/2015,ONAQ_004.S.20140717.cc.01,ONAQ_004.20140717.cc.01,Y,common carabid,,,,,,D15.2014.MorphB,2,"American Beetles"" Arnett/ Thomas 2001""",z9Nb0fxJczdmi0utaYua6PSPTHDIrAD9,/h2P7iNCFob6MrtXvZ/0KV0VExqkPzVY,No Remarks,0
C2606B58D50F44E3B79BA5C4E9664F25,D15,ONAQ,ONAQ_004,N,7/17/2014,7/18/2014,4/15/2015,4/15/2015,ONAQ_004.N.20140717.cc.01,ONAQ_004.20140717.cc.01,Y,common carabid,,,,,,D15.2014.MorphB,1,"American Beetles"" Arnett/ Thomas 2001""",z9Nb0fxJczdmi0utaYua6PSPTHDIrAD9,/h2P7iNCFob6MrtXvZ/0KV0VExqkPzVY,No Remarks,0
F3A90DD6B76044F8B299CEADB73903E4,D15,ONAQ,ONAQ_004,N,7/17/2014,7/18/2014,8/21/2014,,ONAQ_004.20140717.ib.01,ONAQ_004.20140717.ib.01,Y,invert bycatch,,,,,,,,,,MsOTQ1geTJhrCbvL1TRCXJuSny+2Sy71Zy8Sr48fw6g=,,0
FCEC85A7E37E41338DECB33576E2B161,D15,ONAQ,ONAQ_004,W,7/17/2014,7/18/2014,4/15/2015,4/15/2015,ONAQ_004.W.20140717.cc.01,ONAQ_004.20140717.cc.01,Y,common carabid,,,,,,D15.2014.MorphB,1,"American Beetles"" Arnett/ Thomas 2001""",z9Nb0fxJczdmi0utaYua6PSPTHDIrAD9,/h2P7iNCFob6MrtXvZ/0KV0VExqkPzVY,No Remarks,0
159DAD29728F4C7B91EDD5A040FE9C8B,D15,ONAQ,ONAQ_004,E,7/17/2014,7/18/2014,4/15/2015,4/15/2015,ONAQ_004.E.20140717.cc.01,ONAQ_004.20140717.cc.01,Y,common carabid,,,,,,D15.2014.MorphB,4,"American Beetles"" Arnett/ Thomas 2001""",z9Nb0fxJczdmi0utaYua6PSPTHDIrAD9,/h2P7iNCFob6MrtXvZ/0KV0VExqkPzVY,No Remarks,0
DBEABACA9CAB448DA2D822FB1136B7DA,D15,ONAQ,ONAQ_003,N,7/17/2014,7/18/2014,8/21/2014,,ONAQ_003.20140717.ib.01,ONAQ_003.20140717.ib.01,N,invert bycatch,,,,,,,,,,MsOTQ1geTJhrCbvL1TRCXJuSny+2Sy71Zy8Sr48fw6g=,,0
652E0136B02D4651BB2E6AF90AFEC8D7,D15,ONAQ,ONAQ_002,S,7/17/2014,7/18/2014,8/21/2014,,ONAQ_002.20140717.ib.01,ONAQ_002.20140717.ib.01,N,invert bycatch,,,,,,,,,,MsOTQ1geTJhrCbvL1TRCXJuSny+2Sy71Zy8Sr48fw6g=,,2
53C476139F1349B0826F5FFB2A2E1057,D15,ONAQ,ONAQ_002,N,7/17/2014,7/18/2014,8/21/2014,,ONAQ_002.20140717.ib.01,ONAQ_002.20140717.ib.01,Y,invert bycatch,,,,,,,,,,MsOTQ1geTJhrCbvL1TRCXJuSny+2Sy71Zy8Sr48fw6g=,,2
EAFF62F72E904C1195E6B43D453B4E53,D15,ONAQ,ONAQ_002,W,7/17/2014,7/18/2014,8/21/2014,,ONAQ_002.20140717.ib.01,ONAQ_002.20140717.ib.01,N,invert bycatch,,,,,,,,,,MsOTQ1geTJhrCbvL1TRCXJuSny+2Sy71Zy8Sr48fw6g=,,2
3E321CF1837D4CBC9698B803399DB017,D15,ONAQ,ONAQ_002,N,7/17/2014,7/18/2014,4/15/2015,4/15/2015,ONAQ_002.N.20140717.cc.01,ONAQ_002.N.20140717.cc.01,Y,common carabid,,,,,,D15.2014.MorphB,2,"American Beetles"" Arnett/ Thomas 2001""",z9Nb0fxJczdmi0utaYua6PSPTHDIrAD9,/h2P7iNCFob6MrtXvZ/0KV0VExqkPzVY,"There are only two common carabid beetles from this plot (that haven't been pinned) and date for this tube, kept sample ID as ONAQ.002.N.20140717.cc.01"" as final sample ID as was not actually pooled with any other common carabids from other traps.""",0
779C8EBF1C8848E4B02D295B05812A1B,D15,ONAQ,ONAQ_002,N,7/31/2014,8/1/2014,8/18/2014,,ONAQ_002.20140731.ib.01,ONAQ_002.20140731.ib.01,N,invert bycatch,,,,,,,,,,MsOTQ1geTJhrCbvL1TRCXJuSny+2Sy71Zy8Sr48fw6g=,,0
D4DCA88AF3734CA49B09A51752D732CA,D15,ONAQ,ONAQ_012,W,7/31/2014,8/1/2014,8/19/2014,,ONAQ_012.20140731.ib.01,ONAQ_012.20140731.ib.01,N,invert bycatch,,,,,,,,,,B5YzZg28369xWGye0Wf9qxMwC1Zdm1gM,,2
5577F16A004242249F33C3F634B88CBC,D15,ONAQ,ONAQ_012,S,7/31/2014,8/1/2014,8/19/2014,,ONAQ_012.20140731.ib.01,ONAQ_012.20140731.ib.01,Y,invert bycatch,,,,,,,,,,B5YzZg28369xWGye0Wf9qxMwC1Zdm1gM,,2
F856F3FE3A7E4C54A717192A1D958119,D15,ONAQ,ONAQ_012,E,7/31/2014,8/1/2014,8/19/2014,,ONAQ_012.20140731.ib.01,ONAQ_012.20140731.ib.01,N,invert bycatch,,,,,,,,,,B5YzZg28369xWGye0Wf9qxMwC1Zdm1gM,,2
EE7E965D79E34C2B8F637C92C6C3A3C5,D15,ONAQ,ONAQ_012,N,7/31/2014,8/1/2014,8/19/2014,,ONAQ_012.20140731.ib.01,ONAQ_012.20140731.ib.01,N,invert bycatch,,,,,,,,,,B5YzZg28369xWGye0Wf9qxMwC1Zdm1gM,,2
B6CD0BC5F89C40BEB5CA1450F426A9CD,D15,ONAQ,ONAQ_010,N,7/31/2014,8/1/2014,8/18/2014,,ONAQ_010.20140731.ib.01,ONAQ_010.20140731.ib.01,N,invert bycatch,,,,,,,,,,MsOTQ1geTJhrCbvL1TRCXJuSny+2Sy71Zy8Sr48fw6g=,,0
EADAA4FAD83748438396541882F9C6E1,D15,ONAQ,ONAQ_009,E,7/31/2014,8/1/2014,8/18/2014,,ONAQ_009.20140731.ib.01,ONAQ_009.20140731.ib.01,N,invert bycatch,,,,,,,,,,B5YzZg28369xWGye0Wf9qxMwC1Zdm1gM,,2
3A527652F2184237BE156E5977699817,D15,ONAQ,ONAQ_009,S,7/31/2014,8/1/2014,8/18/2014,,ONAQ_009.20140731.ib.01,ONAQ_009.20140731.ib.01,Y,invert bycatch,,,,,,,,,,B5YzZg28369xWGye0Wf9qxMwC1Zdm1gM,,2
66532DAD13FA4F2EBC82F38922571868,D15,ONAQ,ONAQ_009,W,7/31/2014,8/1/2014,8/18/2014,,ONAQ_009.20140731.ib.01,ONAQ_009.20140731.ib.01,N,invert bycatch,,,,,,,,,,B5YzZg28369xWGye0Wf9qxMwC1Zdm1gM,,2
29FEF5FF792F4C52A6479FC17446E838,D15,ONAQ,ONAQ_009,N,7/31/2014,8/1/2014,8/18/2014,,ONAQ_009.20140731.ib.01,ONAQ_009.20140731.ib.01,N,invert bycatch,,,,,,,,,,B5YzZg28369xWGye0Wf9qxMwC1Zdm1gM,,2
B95399B276C54C0B91585E2A7A8973AB,D15,ONAQ,ONAQ_008,E,7/31/2014,8/1/2014,8/19/2014,,ONAQ_008.20140731.ib.02,ONAQ_008.20140731.ib.02,Y,invert bycatch,,,,,,,,,,B5YzZg28369xWGye0Wf9qxMwC1Zdm1gM,,2
01E8415A01714A2FA395EA3BDC02BFF4,D15,ONAQ,ONAQ_008,W,7/31/2014,8/1/2014,8/19/2014,,ONAQ_008.20140731.ib.02,ONAQ_008.20140731.ib.02,Y,invert bycatch,,,,,,,,,,B5YzZg28369xWGye0Wf9qxMwC1Zdm1gM,,2
EC059B4E5B23430DBF30C8A13A35F8BC,D15,ONAQ,ONAQ_008,N,7/31/2014,8/1/2014,8/19/2014,,ONAQ_008.20140731.ib.01,ONAQ_008.20140731.ib.01,Y,invert bycatch,,,,,,,,,,B5YzZg28369xWGye0Wf9qxMwC1Zdm1gM,,2
FBBD8238E1F44914B0E36AA64CF7E700,D15,ONAQ,ONAQ_008,S,7/31/2014,8/1/2014,8/19/2014,,ONAQ_008.20140731.ib.01,ONAQ_008.20140731.ib.01,Y,invert bycatch,,,,,,,,,,B5YzZg28369xWGye0Wf9qxMwC1Zdm1gM,,2
0C3499E83FBB46B7890C888D853436D3,D15,ONAQ,ONAQ_006,E,7/31/2014,8/1/2014,8/18/2014,,ONAQ_006.20140731.ib.01,ONAQ_006.20140731.ib.01,Y,invert bycatch,,,,,,,,,,MsOTQ1geTJhrCbvL1TRCXJuSny+2Sy71Zy8Sr48fw6g=,,2
FCA22AC86EE040958CCBD9819EA3DCEA,D15,ONAQ,ONAQ_006,N,7/31/2014,8/1/2014,8/18/2014,,ONAQ_006.20140731.ib.01,ONAQ_006.20140731.ib.01,N,invert bycatch,,,,,,,,,,MsOTQ1geTJhrCbvL1TRCXJuSny+2Sy71Zy8Sr48fw6g=,,2
7584A5F32DEC46A186188DBC98F4B6B3,D15,ONAQ,ONAQ_006,W,7/31/2014,8/1/2014,8/18/2014,,ONAQ_006.20140731.ib.01,ONAQ_006.20140731.ib.01,Y,invert bycatch,,,,,,,,,,MsOTQ1geTJhrCbvL1TRCXJuSny+2Sy71Zy8Sr48fw6g=,,2
A1888C9B4EF246E1A0471CAECF177441,D15,ONAQ,ONAQ_006,S,7/31/2014,8/1/2014,8/18/2014,,ONAQ_006.20140731.ib.01,ONAQ_006.20140731.ib.01,Y,invert bycatch,,,,,,,,,,MsOTQ1geTJhrCbvL1TRCXJuSny+2Sy71Zy8Sr48fw6g=,,2
86B5FFD2FE8C439B9707D98593A12120,D15,ONAQ,ONAQ_006,S,7/31/2014,8/1/2014,4/16/2015,4/16/2015,ONAQ_006.S.20140731.cc.01,ONAQ_006.S.20140731.cc.01,Y,common carabid,,,,,,D15.2014.MorphB,1,"American Beetles"" Arnett/ Thomas 2001""",z9Nb0fxJczdmi0utaYua6PSPTHDIrAD9,/h2P7iNCFob6MrtXvZ/0KV0VExqkPzVY,"There is only one common carabid beetle from this plot (that hasn't been pinned) and date for this tube, kept sample ID as ONAQ.006.S.20140731.cc.01"" as final sample ID as was not actually pooled with any other common carabids from other traps.""",0
4521E9349AC1447CA2797C33805A3ACE,D15,ONAQ,ONAQ_007,N,7/31/2014,8/1/2014,8/18/2014,,ONAQ_007.20140731.ib.01,ONAQ_007.20140731.ib.01,N,invert bycatch,,,,,,,,,,B5YzZg28369xWGye0Wf9qxMwC1Zdm1gM,,0
6AF26F3922724221A24A924284DC841C,D15,ONAQ,ONAQ_005,N,7/31/2014,8/1/2014,8/19/2014,,ONAQ_005.20140731.ib.01,ONAQ_005.20140731.ib.01,N,invert bycatch,,,,,,,,,,B5YzZg28369xWGye0Wf9qxMwC1Zdm1gM,,0
7AC18476F79944EEA606ED358783105C,D15,ONAQ,ONAQ_004,S,7/31/2014,8/1/2014,8/19/2014,,ONAQ_004.20140731.ib.01,ONAQ_004.20140731.ib.01,N,invert bycatch,,,,,,,,,,B5YzZg28369xWGye0Wf9qxMwC1Zdm1gM,,2
AEDE6FE13BBA4110BEF8B50DB0AB470C,D15,ONAQ,ONAQ_004,N,7/31/2014,8/1/2014,8/19/2014,,ONAQ_004.20140731.ib.01,ONAQ_004.20140731.ib.01,Y,invert bycatch,,,,,,,,,,B5YzZg28369xWGye0Wf9qxMwC1Zdm1gM,,2
57BBB099AE0A47E5AB664C88C5FBD10F,D15,ONAQ,ONAQ_004,E,7/31/2014,8/1/2014,8/19/2014,,ONAQ_004.20140731.ib.01,ONAQ_004.20140731.ib.01,Y,invert bycatch,,,,,,,,,,B5YzZg28369xWGye0Wf9qxMwC1Zdm1gM,,2
653BE7A4B0594D1494C7857B59CCDEC0,D15,ONAQ,ONAQ_004,W,7/31/2014,8/1/2014,8/19/2014,,ONAQ_004.20140731.ib.01,ONAQ_004.20140731.ib.01,N,invert bycatch,,,,,,,,,,B5YzZg28369xWGye0Wf9qxMwC1Zdm1gM,,2
D499FAF8640C430F911908B706F2F6EF,D15,ONAQ,ONAQ_003,S,7/31/2014,8/1/2014,8/19/2014,,ONAQ_003.20140731.ib.01,ONAQ_003.20140731.ib.01,N,invert bycatch,,,,,,,,,,B5YzZg28369xWGye0Wf9qxMwC1Zdm1gM,,2
346C7D28783F43E1AE5321E26E90CA2F,D15,ONAQ,ONAQ_003,N,7/31/2014,8/1/2014,8/19/2014,,ONAQ_003.20140731.ib.01,ONAQ_003.20140731.ib.01,N,invert bycatch,,,,,,,,,,B5YzZg28369xWGye0Wf9qxMwC1Zdm1gM,,2
DD339FE54BBA430E89E3E24D17D8E17D,D15,ONAQ,ONAQ_003,E,7/31/2014,8/1/2014,8/19/2014,,ONAQ_003.20140731.ib.01,ONAQ_003.20140731.ib.01,Y,invert bycatch,,,,,,,,,,B5YzZg28369xWGye0Wf9qxMwC1Zdm1gM,,2
9D1DB9B396FA4533AC6D8710E4AA4A0D,D15,ONAQ,ONAQ_003,W,7/31/2014,8/1/2014,8/19/2014,,ONAQ_003.20140731.ib.01,ONAQ_003.20140731.ib.01,N,invert bycatch,,,,,,,,,,B5YzZg28369xWGye0Wf9qxMwC1Zdm1gM,,2
82ED82FD1BC74BEABBA482610570F193,D15,ONAQ,ONAQ_002,W,8/14/2014,8/15/2014,8/18/2014,,ONAQ_002.20140814.ib.01,ONAQ_002.20140814.ib.01,N,invert bycatch,,,,,,,,,,B5YzZg28369xWGye0Wf9qxMwC1Zdm1gM,,2
60B975270A2244FEB82FCC976392E586,D15,ONAQ,ONAQ_012,W,8/14/2014,8/15/2014,8/18/2014,,ONAQ_012.20140814.ib.01,ONAQ_012.20140814.ib.01,N,invert bycatch,,,,,,,,,,MsOTQ1geTJhrCbvL1TRCXJuSny+2Sy71Zy8Sr48fw6g=,,2
A91A301033D2488088A963F3B2D7CED1,D15,ONAQ,ONAQ_012,N,8/14/2014,8/15/2014,8/18/2014,,ONAQ_012.20140814.ib.01,ONAQ_012.20140814.ib.01,N,invert bycatch,,,,,,,,,,MsOTQ1geTJhrCbvL1TRCXJuSny+2Sy71Zy8Sr48fw6g=,,2
640C3219DA4448309BD02497A20B8490,D15,ONAQ,ONAQ_012,S,8/14/2014,8/15/2014,8/18/2014,,ONAQ_012.20140814.ib.01,ONAQ_012.20140814.ib.01,N,invert bycatch,,,,,,,,,,MsOTQ1geTJhrCbvL1TRCXJuSny+2Sy71Zy8Sr48fw6g=,,2
89305FEE78DE4290AB64627BA3A548BB,D15,ONAQ,ONAQ_012,E,8/14/2014,8/15/2014,8/18/2014,,ONAQ_012.20140814.ib.01,ONAQ_012.20140814.ib.01,Y,invert bycatch,,,,,,,,,,MsOTQ1geTJhrCbvL1TRCXJuSny+2Sy71Zy8Sr48fw6g=,,2
684FE2DB4B7C4D63B0739EDC90587992,D15,ONAQ,ONAQ_010,W,8/14/2014,8/15/2014,8/18/2014,,ONAQ_010.20140814.ib.01,ONAQ_010.20140814.ib.01,Y,invert bycatch,,,,,,,,,,B5YzZg28369xWGye0Wf9qxMwC1Zdm1gM,,2
56F855B74D814DEFA9473CF67C2A9B47,D15,ONAQ,ONAQ_010,S,8/14/2014,8/15/2014,8/18/2014,,ONAQ_010.20140814.ib.01,ONAQ_010.20140814.ib.01,Y,invert bycatch,,,,,,,,,,B5YzZg28369xWGye0Wf9qxMwC1Zdm1gM,,2
C0594E17EFC0424C82E037B231CC4A96,D15,ONAQ,ONAQ_010,E,8/14/2014,8/15/2014,8/18/2014,,ONAQ_010.20140814.ib.01,ONAQ_010.20140814.ib.01,N,invert bycatch,,,,,,,,,,B5YzZg28369xWGye0Wf9qxMwC1Zdm1gM,,2
F99EC5C514004832994E8C3E283684B1,D15,ONAQ,ONAQ_010,N,8/14/2014,8/15/2014,8/18/2014,,ONAQ_010.20140814.ib.01,ONAQ_010.20140814.ib.01,N,invert bycatch,,,,,,,,,,B5YzZg28369xWGye0Wf9qxMwC1Zdm1gM,,2
C03A839EAD8046F5AEB51B2343E50273,D15,ONAQ,ONAQ_010,W,8/14/2014,8/15/2014,4/16/2015,4/16/2015,ONAQ_010.W.20140814.cc.01,ONAQ_010.W.20140814.cc.01,Y,common carabid,,,,,,D15.2014.MorphB,6,"American Beetles"" Arnett/ Thomas 2001""",z9Nb0fxJczdmi0utaYua6PSPTHDIrAD9,/h2P7iNCFob6MrtXvZ/0KV0VExqkPzVY,"There are only common carabids from this date and one trap within this plot that haven't been pinned, kept sample ID as ONAQ.010.W.20140814.cc.01"" as final sample ID as was not actually pooled with any other common carabids from other traps.""",0
5CAE0CCC8B224C4486E8458F92446D5E,D15,ONAQ,ONAQ_009,S,8/14/2014,8/15/2014,8/18/2014,,ONAQ_009.20140814.ib.01,ONAQ_009.20140814.ib.01,Y,invert bycatch,,,,,,,,,,B5YzZg28369xWGye0Wf9qxMwC1Zdm1gM,,2
AF2C35516D634F68B251F31344FBDA99,D15,ONAQ,ONAQ_009,N,8/14/2014,8/15/2014,8/18/2014,,ONAQ_009.20140814.ib.01,ONAQ_009.20140814.ib.01,N,invert bycatch,,,,,,,,,,B5YzZg28369xWGye0Wf9qxMwC1Zdm1gM,,2
A55AC8EADDAE4A19A2478E2AFD581BEC,D15,ONAQ,ONAQ_009,E,8/14/2014,8/15/2014,8/18/2014,,ONAQ_009.20140814.ib.01,ONAQ_009.20140814.ib.01,N,invert bycatch,,,,,,,,,,B5YzZg28369xWGye0Wf9qxMwC1Zdm1gM,,2
57724536651D4AEA9EA52509DBA91450,D15,ONAQ,ONAQ_009,W,8/14/2014,8/15/2014,8/18/2014,,ONAQ_009.20140814.ib.01,ONAQ_009.20140814.ib.01,N,invert bycatch,,,,,,,,,,B5YzZg28369xWGye0Wf9qxMwC1Zdm1gM,,2
4AA6ED8764C2480D84AE424181AD58EF,D15,ONAQ,ONAQ_008,S,8/14/2014,8/15/2014,4/16/2015,4/16/2015,ONAQ_008.S.20140814.cc.01,ONAQ_008.S.20140814.cc.01,Y,common carabid,,,,,,D15.2014.MorphB,1,"American Beetles"" Arnett/ Thomas 2001""",z9Nb0fxJczdmi0utaYua6PSPTHDIrAD9,/h2P7iNCFob6MrtXvZ/0KV0VExqkPzVY,"There is only one common carabid beetle from this plot (that hasn't been pinned) and date for this tube, kept sample ID as ONAQ.008.S.20140814.cc.01"" as final sample ID as this was not actually pooled with any other  common carabid from other traps.""",0
9360EC4E4E684FC5AD2503CD32C42206,D15,ONAQ,ONAQ_008,N,8/14/2014,8/15/2014,8/18/2014,,ONAQ_008.20140814.ib.01,ONAQ_008.20140814.ib.01,Y,invert bycatch,,,,,,,,,,MsOTQ1geTJhrCbvL1TRCXJuSny+2Sy71Zy8Sr48fw6g=,,0
08011BE5827548BDADDCECBF0D5F47B4,D15,ONAQ,ONAQ_006,W,8/14/2014,8/15/2014,8/18/2014,,ONAQ_006.20140814.ib.01,ONAQ_006.20140814.ib.01,Y,invert bycatch,,,,,,,,,,MsOTQ1geTJhrCbvL1TRCXJuSny+2Sy71Zy8Sr48fw6g=,,2
48CEA8F78FF24008AF60C62C129B2B17,D15,ONAQ,ONAQ_006,E,8/14/2014,8/15/2014,8/18/2014,,ONAQ_006.20140814.ib.01,ONAQ_006.20140814.ib.01,Y,invert bycatch,,,,,,,,,,MsOTQ1geTJhrCbvL1TRCXJuSny+2Sy71Zy8Sr48fw6g=,,2
24845287B4E147D7A25895CAFCCF3DE5,D15,ONAQ,ONAQ_006,N,8/14/2014,8/15/2014,8/18/2014,,ONAQ_006.20140814.ib.01,ONAQ_006.20140814.ib.01,N,invert bycatch,,,,,,,,,,MsOTQ1geTJhrCbvL1TRCXJuSny+2Sy71Zy8Sr48fw6g=,,2
F598AAC8F75F4B62BFFB94AAA58A3AF7,D15,ONAQ,ONAQ_006,S,8/14/2014,8/15/2014,8/18/2014,,ONAQ_006.20140814.ib.01,ONAQ_006.20140814.ib.01,Y,invert bycatch,,,,,,,,,,MsOTQ1geTJhrCbvL1TRCXJuSny+2Sy71Zy8Sr48fw6g=,,2
EB5F3ACC9E094A5E9686CDA9F4EA7E8E,D15,ONAQ,ONAQ_006,S,8/14/2014,8/15/2014,4/16/2015,4/16/2015,ONAQ_006.S.20140814.cc.01,ONAQ_006.20140814.cc.01,Y,common carabid,,,,,,D15.2014.MorphB,2,"American Beetles"" Arnett/ Thomas 2001""",z9Nb0fxJczdmi0utaYua6PSPTHDIrAD9,/h2P7iNCFob6MrtXvZ/0KV0VExqkPzVY,No Remarks,0
05A23F13E8FD40F0BBAE997FEABC2B04,D15,ONAQ,ONAQ_006,E,8/14/2014,8/15/2014,4/16/2015,4/16/2015,ONAQ_006.E.20140814.cc.01,ONAQ_006.20140814.cc.01,Y,common carabid,,,,,,D15.2014.MorphB,4,"American Beetles"" Arnett/ Thomas 2001""",z9Nb0fxJczdmi0utaYua6PSPTHDIrAD9,/h2P7iNCFob6MrtXvZ/0KV0VExqkPzVY,No Remarks,0
F1341AFF94D34F06B657675DB5182088,D15,ONAQ,ONAQ_007,S,8/14/2014,8/15/2014,8/18/2014,,ONAQ_007.20140814.ib.01,ONAQ_007.20140814.ib.01,N,invert bycatch,,,,,,,,,,MsOTQ1geTJhrCbvL1TRCXJuSny+2Sy71Zy8Sr48fw6g=,,2
BA09793C89AF4D71A3DCEAE80491DF44,D15,ONAQ,ONAQ_007,E,8/14/2014,8/15/2014,8/18/2014,,ONAQ_007.20140814.ib.01,ONAQ_007.20140814.ib.01,N,invert bycatch,,,,,,,,,,MsOTQ1geTJhrCbvL1TRCXJuSny+2Sy71Zy8Sr48fw6g=,,2
CD3E95BD2D774F2C943A0CC09BA00253,D15,ONAQ,ONAQ_007,W,8/14/2014,8/15/2014,8/18/2014,,ONAQ_007.20140814.ib.01,ONAQ_007.20140814.ib.01,Y,invert bycatch,,,,,,,,,,MsOTQ1geTJhrCbvL1TRCXJuSny+2Sy71Zy8Sr48fw6g=,,2
7D259D57DE1A4276A0EEE759ED16EAD2,D15,ONAQ,ONAQ_007,N,8/14/2014,8/15/2014,8/18/2014,,ONAQ_007.20140814.ib.01,ONAQ_007.20140814.ib.01,N,invert bycatch,,,,,,,,,,MsOTQ1geTJhrCbvL1TRCXJuSny+2Sy71Zy8Sr48fw6g=,,2
03C1138EE5A3489E8D22761145899862,D15,ONAQ,ONAQ_005,N,8/14/2014,8/15/2014,8/18/2014,8/15/2014,ONAQ_005.N.20140814.PLESKI.01,ONAQ_005.20140814.PLESKI.01,Y,vert bycatch herp,PLESKI,Plestiodon skiltonianus,species,cf. species,Baird and Girard,,1,Peterson Guide to Western Reptiles,z9Nb0fxJczdmi0utaYua6PSPTHDIrAD9,B5YzZg28369xWGye0Wf9qxMwC1Zdm1gM,"Was identified as Eumeces skiltonianus on data sheet but scientific name of genus has changed. 
Taken to Jack Sites lab at BYU according to state collection permit requirements.",0
2BB8DD7F237245C2A14D396FEC020B6F,D15,ONAQ,ONAQ_005,S,8/14/2014,8/15/2014,8/18/2014,,ONAQ_005.20140814.ib.01,ONAQ_005.20140814.ib.01,Y,invert bycatch,,,,,,,,,,B5YzZg28369xWGye0Wf9qxMwC1Zdm1gM,,2
31680C104AD341609EE89A80BCB4A587,D15,ONAQ,ONAQ_005,E,8/14/2014,8/15/2014,8/18/2014,,ONAQ_005.20140814.ib.01,ONAQ_005.20140814.ib.01,N,invert bycatch,,,,,,,,,,B5YzZg28369xWGye0Wf9qxMwC1Zdm1gM,,2
B97C55E699E242519E673B222C25ADFE,D15,ONAQ,ONAQ_005,W,8/14/2014,8/15/2014,8/18/2014,,ONAQ_005.20140814.ib.01,ONAQ_005.20140814.ib.01,N,invert bycatch,,,,,,,,,,B5YzZg28369xWGye0Wf9qxMwC1Zdm1gM,,2
17337CA0A02A45EABF4F4F8E8886D653,D15,ONAQ,ONAQ_005,N,8/14/2014,8/15/2014,8/18/2014,,ONAQ_005.20140814.ib.01,ONAQ_005.20140814.ib.01,N,invert bycatch,,,,,,,,,,B5YzZg28369xWGye0Wf9qxMwC1Zdm1gM,,2
84805F3F903A4DD2B5E0BBB37F3F4713,D15,ONAQ,ONAQ_004,E,8/14/2014,8/15/2014,4/16/2015,4/16/2015,ONAQ_004.E.20140814.cc.01,ONAQ_004.20140814.cc.01,Y,common carabid,,,,,,D15.2014.MorphB,1,"American Beetles"" Arnett/ Thomas 2001""",z9Nb0fxJczdmi0utaYua6PSPTHDIrAD9,/h2P7iNCFob6MrtXvZ/0KV0VExqkPzVY,No Remarks,0
869663819DAA4AB289D2BA5A48826375,D15,ONAQ,ONAQ_004,N,8/14/2014,8/15/2014,4/16/2015,4/16/2015,ONAQ_004.N.20140814.cc.01,ONAQ_004.20140814.cc.01,Y,common carabid,,,,,,D15.2014.MorphB,1,,z9Nb0fxJczdmi0utaYua6PSPTHDIrAD9,/h2P7iNCFob6MrtXvZ/0KV0VExqkPzVY,No Remarks,0
CC55CB779EE94E6FA3AD4C5401C01F50,D15,ONAQ,ONAQ_004,S,8/14/2014,8/15/2014,8/18/2014,8/15/2014,ONAQ_004.S.20140814.PLESKI.01,ONAQ_004.20140814.PLESKI.01,Y,vert bycatch herp,PLESKI,Plestiodon skiltonianus,species,cf. species,Baird and Girard,,1,Peterson Guide to Western Reptiles,z9Nb0fxJczdmi0utaYua6PSPTHDIrAD9,B5YzZg28369xWGye0Wf9qxMwC1Zdm1gM,"Was identified as Eumeces skiltonionus on data sheet, but scientific name of genus has changed.
Taken to Jack Sites lab and BYU as Utah state collection permit requires.",0
01C14AF8468E4A6BBC31DD909F5783D3,D15,ONAQ,ONAQ_004,N,8/14/2014,8/15/2014,8/18/2014,,ONAQ_004.20140814.ib.01,ONAQ_004.20140814.ib.01,Y,invert bycatch,,,,,,,,,,B5YzZg28369xWGye0Wf9qxMwC1Zdm1gM,,0
BCB5EB8F3DD44CAF930A3B220F52DDA2,D15,ONAQ,ONAQ_003,N,8/14/2014,8/15/2014,8/18/2014,,ONAQ_003.20140814.ib.01,ONAQ_003.20140814.ib.01,N,invert bycatch,,,,,,,,,,MsOTQ1geTJhrCbvL1TRCXJuSny+2Sy71Zy8Sr48fw6g=,,0
A3250145CC2F46938B75ED382E5DDC87,D15,ONAQ,ONAQ_002,E,8/14/2014,8/15/2014,8/18/2014,,ONAQ_002.20140814.ib.01,ONAQ_002.20140814.ib.01,Y,invert bycatch,,,,,,,,,,B5YzZg28369xWGye0Wf9qxMwC1Zdm1gM,,2
5E852943B38D4606BB7CD54DC3E324CC,D15,ONAQ,ONAQ_002,S,8/14/2014,8/15/2014,8/18/2014,,ONAQ_002.20140814.ib.01,ONAQ_002.20140814.ib.01,N,invert bycatch,,,,,,,,,,B5YzZg28369xWGye0Wf9qxMwC1Zdm1gM,,2
A9DC3BEE53E14604A26C155A77C733A8,D15,ONAQ,ONAQ_002,N,8/14/2014,8/15/2014,8/18/2014,,ONAQ_002.20140814.ib.01,ONAQ_002.20140814.ib.01,Y,invert bycatch,,,,,,,,,,B5YzZg28369xWGye0Wf9qxMwC1Zdm1gM,,2
CDBE0489BAB043FA8A22A348880D9BAD,D15,ONAQ,ONAQ_002,N,8/14/2014,8/15/2014,4/16/2015,4/16/2015,ONAQ_002.N.20140814.cc.01,ONAQ_002.20140814.cc.01,Y,common carabid,,,,,,D15.2014.MorphB,1,"American Beetles"" Arnett/ Thomas 2001""",z9Nb0fxJczdmi0utaYua6PSPTHDIrAD9,/h2P7iNCFob6MrtXvZ/0KV0VExqkPzVY,No Remarks,0
D4E821A715254D1E8D40601DEADBB93A,D15,ONAQ,ONAQ_002,E,8/14/2014,8/15/2014,4/16/2015,4/16/2015,ONAQ_002.E.20140814.cc.01,ONAQ_002.20140814.cc.01,Y,common carabid,,,,,,D15.2014.MorphB,1,"American Beetles"" Arnett/ Thomas 2001""",z9Nb0fxJczdmi0utaYua6PSPTHDIrAD9,/h2P7iNCFob6MrtXvZ/0KV0VExqkPzVY,No Remarks,0
DAC55E228C24447DB216FE8D5448A479,D15,ONAQ,ONAQ_003,E,9/3/2014,9/4/2014,9/4/2014,,ONAQ_003.20140903.ib.01,ONAQ_003.20140903.ib.01,N,invert bycatch,,,,,,,,,,MsOTQ1geTJhrCbvL1TRCXJuSny+2Sy71Zy8Sr48fw6g=,,2
AF3F9ECD8D2F43B78E1DB078C84116A8,D15,ONAQ,ONAQ_012,N,9/3/2014,9/4/2014,9/8/2014,,ONAQ_012.20140903.ib.01,ONAQ_012.20140903.ib.01,Y,invert bycatch,,,,,,,,,,MsOTQ1geTJhrCbvL1TRCXJuSny+2Sy71Zy8Sr48fw6g=,,0
624B4CFA18F9471692111B10679FFD32,D15,ONAQ,ONAQ_012,N,9/3/2014,9/4/2014,4/17/2015,4/17/2015,ONAQ_012.N.20140903.cc.01,ONAQ_012.20140903.cc.01,Y,common carabid,,,,,,D15.2014.MorphB,11,"American Beetles"" Arnett/ Thomas 2001""",z9Nb0fxJczdmi0utaYua6PSPTHDIrAD9,/h2P7iNCFob6MrtXvZ/0KV0VExqkPzVY,No Remarks,0
76E906ED195446E7B1A369DDD6E71AC9,D15,ONAQ,ONAQ_012,N,9/3/2014,9/4/2014,4/17/2015,4/17/2015,ONAQ_012.N.20140903.cc.02,ONAQ_012.20140903.cc.01,Y,common carabid,,,,,,D15.2014.MorphC,2,"American Beetles"" Arnett/ Thomas 2001""",z9Nb0fxJczdmi0utaYua6PSPTHDIrAD9,/h2P7iNCFob6MrtXvZ/0KV0VExqkPzVY,No Remarks,0
E33D599E21B34FB0BF95CBB7378EA54D,D15,ONAQ,ONAQ_012,E,9/3/2014,9/4/2014,4/17/2015,4/17/2015,ONAQ_012.E.20140903.cc.01,ONAQ_012.20140903.cc.01,Y,common carabid,,,,,,D15.2014.MorphB,18,"American Beetles"" Arnett/ Thomas 2001""",z9Nb0fxJczdmi0utaYua6PSPTHDIrAD9,/h2P7iNCFob6MrtXvZ/0KV0VExqkPzVY,No remarks,0
7642E710F11743F186C71E2283D3CEA5,D15,ONAQ,ONAQ_012,W,9/3/2014,9/4/2014,4/17/2015,4/17/2015,ONAQ_012.W.20140903.cc.01,ONAQ_012.20140903.cc.01,Y,common carabid,,,,,,D15.2014.MorphB,1,"American Beetles"" Arnett/ Thomas 2001""",z9Nb0fxJczdmi0utaYua6PSPTHDIrAD9,/h2P7iNCFob6MrtXvZ/0KV0VExqkPzVY,No Remarks,0
9A8AC468FA8D4E91A42EE7364DAD4B28,D15,ONAQ,ONAQ_010,W,9/3/2014,9/4/2014,4/17/2015,4/17/2015,ONAQ_010.W.20140903.cc.01,ONAQ_010.20140903.cc.01,Y,common carabid,,,,,,D15.2014.MorphB,18,"American Beetles"" Arnett/ Thomas 2001""",z9Nb0fxJczdmi0utaYua6PSPTHDIrAD9,/h2P7iNCFob6MrtXvZ/0KV0VExqkPzVY,No Remarks,0
BE7F571222AF4A8CBBE074A1F697B0C5,D15,ONAQ,ONAQ_010,E,9/3/2014,9/4/2014,4/17/2015,4/17/2015,ONAQ_010.E.20140903.cc.01,ONAQ_010.20140903.cc.01,Y,common carabid,,,,,,D15.2014.MorphB,62,"American Beetles"" Arnett/ Thomas 2001""",z9Nb0fxJczdmi0utaYua6PSPTHDIrAD9,/h2P7iNCFob6MrtXvZ/0KV0VExqkPzVY,No Remarks,0
49B258EC3F294B999918E92253A1942E,D15,ONAQ,ONAQ_010,N,9/3/2014,9/4/2014,4/17/2015,4/17/2015,ONAQ_010.N.20140903.cc.01,ONAQ_010.20140903.cc.01,Y,common carabid,,,,,,D15.2014.MorphB,39,"American Beetles"" Arnett/ Thomas 2001""",z9Nb0fxJczdmi0utaYua6PSPTHDIrAD9,/h2P7iNCFob6MrtXvZ/0KV0VExqkPzVY,No Remarks,0
C280E4C6CEB44CCD9519E534CA94B987,D15,ONAQ,ONAQ_010,N,9/3/2014,9/4/2014,9/8/2014,,ONAQ_010.20140903.ib.01,ONAQ_010.20140903.ib.01,Y,invert bycatch,,,,,,,,,,B5YzZg28369xWGye0Wf9qxMwC1Zdm1gM,,0
32EF07E98A264B40AD1AF3D650ED4A93,D15,ONAQ,ONAQ_010,S,9/3/2014,9/4/2014,4/17/2015,4/17/2015,ONAQ_010.S.20140903.cc.01,ONAQ_010.20140903.cc.01,Y,common carabid,,,,,,D15.2014.MorphB,46,"American Beetles"" Arnett/ Thomas 2001""",z9Nb0fxJczdmi0utaYua6PSPTHDIrAD9,/h2P7iNCFob6MrtXvZ/0KV0VExqkPzVY,No Remarks,0
8D549C6718D74F7192B2057104ADD941,D15,ONAQ,ONAQ_009,W,9/3/2014,9/4/2014,4/17/2015,4/17/2015,ONAQ_009.W.20140903.cc.01,ONAQ_009.20140903.cc.01,Y,common carabid,,,,,,D15.2014.MorphC,2,"American Beetles"" Arnett/ Thomas 2001""",z9Nb0fxJczdmi0utaYua6PSPTHDIrAD9,/h2P7iNCFob6MrtXvZ/0KV0VExqkPzVY,No Remarks,0
4D127653093A4A75A226571EE8E62D98,D15,ONAQ,ONAQ_009,N,9/3/2014,9/4/2014,4/17/2015,4/17/2015,ONAQ_009.N.20140903.cc.01,ONAQ_009.20140903.cc.01,Y,common carabid,,,,,,D15.2014.MorphC,3,"American Beetles"" Arnett/ Thomas 2001""",z9Nb0fxJczdmi0utaYua6PSPTHDIrAD9,/h2P7iNCFob6MrtXvZ/0KV0VExqkPzVY,No Remarks,0
C85E03BA23D242BBB9F1BD3695787765,D15,ONAQ,ONAQ_009,N,9/3/2014,9/4/2014,9/8/2014,,ONAQ_009.20140903.ib.01,ONAQ_009.20140903.ib.01,Y,invert bycatch,,,,,,,,,,B5YzZg28369xWGye0Wf9qxMwC1Zdm1gM,,0
B5DE0CD640334376901E567252CDEDC0,D15,ONAQ,ONAQ_009,S,9/3/2014,9/4/2014,4/17/2015,4/17/2015,ONAQ_009.S.20140903.cc.01,ONAQ_009.20140903.cc.01,Y,common carabid,,,,,,D15.2014.MorphC,2,"American Beetles"" Arnett/ Thomas 2001""",z9Nb0fxJczdmi0utaYua6PSPTHDIrAD9,/h2P7iNCFob6MrtXvZ/0KV0VExqkPzVY,No Remarks,0
6C8C7D510D1B4710AA1AFF63A4876850,D15,ONAQ,ONAQ_009,E,9/3/2014,9/4/2014,4/17/2015,4/17/2015,ONAQ_009.E.20140903.cc.01,ONAQ_009.20140903.cc.01,Y,common carabid,,,,,,D15.2014.MorphC,2,"American Beetles"" Arnett/ Thomas 2001""",z9Nb0fxJczdmi0utaYua6PSPTHDIrAD9,/h2P7iNCFob6MrtXvZ/0KV0VExqkPzVY,No Remarks,0
11175F523A904BBB8117188B40E73B6A,D15,ONAQ,ONAQ_008,N,9/3/2014,9/4/2014,9/8/2014,,ONAQ_008.20140903.ib.01,ONAQ_008.20140903.ib.01,Y,invert bycatch,,,,,,,,,,MsOTQ1geTJhrCbvL1TRCXJuSny+2Sy71Zy8Sr48fw6g=,,2
DE2B167B00CD47D6A5BFF95A0E207127,D15,ONAQ,ONAQ_008,S,9/3/2014,9/4/2014,9/8/2014,,ONAQ_008.20140903.ib.01,ONAQ_008.20140903.ib.01,Y,invert bycatch,,,,,,,,,,MsOTQ1geTJhrCbvL1TRCXJuSny+2Sy71Zy8Sr48fw6g=,,2
76D105FCAD5D4094B12CA3CEF7CFB88E,D15,ONAQ,ONAQ_008,W,9/3/2014,9/4/2014,9/8/2014,,ONAQ_008.20140903.ib.01,ONAQ_008.20140903.ib.01,N,invert bycatch,,,,,,,,,,MsOTQ1geTJhrCbvL1TRCXJuSny+2Sy71Zy8Sr48fw6g=,,2
4BA39789E4B6474DA215BF708A14EBD1,D15,ONAQ,ONAQ_008,E,9/3/2014,9/4/2014,9/8/2014,,ONAQ_008.20140903.ib.01,ONAQ_008.20140903.ib.01,N,invert bycatch,,,,,,,,,,MsOTQ1geTJhrCbvL1TRCXJuSny+2Sy71Zy8Sr48fw6g=,,2
9E6F910826DC436D9FEA4122F1A240A0,D15,ONAQ,ONAQ_006,N,9/3/2014,9/4/2014,4/17/2015,4/17/2015,ONAQ_006.N.20140903.cc.01,ONAQ_006.20140903.cc.01,Y,common carabid,,,,,,D15.2014.MorphB,13,"American Beetles"" Arnett/ Thomas 2001""",z9Nb0fxJczdmi0utaYua6PSPTHDIrAD9,/h2P7iNCFob6MrtXvZ/0KV0VExqkPzVY,No Remarks,0
77B9C3F5AE7E4AFA997452F3EBCC588A,D15,ONAQ,ONAQ_006,S,9/3/2014,9/4/2014,4/17/2015,4/17/2015,ONAQ_006.S.20140903.cc.01,ONAQ_006.20140903.cc.01,Y,common carabid,,,,,,D15.2014.MorphB,2,"American Beetles"" Arnett/ Thomas 2001""",z9Nb0fxJczdmi0utaYua6PSPTHDIrAD9,/h2P7iNCFob6MrtXvZ/0KV0VExqkPzVY,No Remarks,0
BCC91B3280F5440383523AF99417B2CB,D15,ONAQ,ONAQ_006,N,9/3/2014,9/4/2014,9/4/2014,,ONAQ_006.20140903.ib.01,ONAQ_006.20140903.ib.01,Y,invert bycatch,,,,,,,,,,MsOTQ1geTJhrCbvL1TRCXJuSny+2Sy71Zy8Sr48fw6g=,,0
AF151F28BF5D4B42951E1A02F4060F5B,D15,ONAQ,ONAQ_006,W,9/3/2014,9/4/2014,4/17/2015,4/17/2015,ONAQ_006.W.20140903.cc.01,ONAQ_006.20140903.cc.01,Y,common carabid,,,,,,D15.2014.MorphB,2,"American Beetles"" Arnett/ Thomas 2001""",z9Nb0fxJczdmi0utaYua6PSPTHDIrAD9,/h2P7iNCFob6MrtXvZ/0KV0VExqkPzVY,No Remarks,0
C1B216C5068049C7B15F524A9DA202B2,D15,ONAQ,ONAQ_006,E,9/3/2014,9/4/2014,4/17/2015,4/17/2015,ONAQ_006.E.20140903.cc.01,ONAQ_006.20140903.cc.01,Y,common carabid,,,,,,D15.2014.MorphB,24,"American Beetles"" Arnett/ Thomas 2001""",z9Nb0fxJczdmi0utaYua6PSPTHDIrAD9,/h2P7iNCFob6MrtXvZ/0KV0VExqkPzVY,No Remarks,0
826D4E828B4A44BAAEE71FF77386A3AF,D15,ONAQ,ONAQ_007,S,9/3/2014,9/4/2014,9/4/2014,,ONAQ_007.20140903.ib.01,ONAQ_007.20140903.ib.01,N,invert bycatch,,,,,,,,,,MsOTQ1geTJhrCbvL1TRCXJuSny+2Sy71Zy8Sr48fw6g=,,2
1324783BC58045A6B73789A2388DDA02,D15,ONAQ,ONAQ_007,W,9/3/2014,9/4/2014,9/4/2014,,ONAQ_007.20140903.ib.01,ONAQ_007.20140903.ib.01,Y,invert bycatch,,,,,,,,,,MsOTQ1geTJhrCbvL1TRCXJuSny+2Sy71Zy8Sr48fw6g=,,2
6AD794B0B0F84923B454B93ACD1106FA,D15,ONAQ,ONAQ_007,N,9/3/2014,9/4/2014,9/4/2014,,ONAQ_007.20140903.ib.01,ONAQ_007.20140903.ib.01,Y,invert bycatch,,,,,,,,,,MsOTQ1geTJhrCbvL1TRCXJuSny+2Sy71Zy8Sr48fw6g=,,2
90FB8E8B41BB40A8BAD6A094F3914039,D15,ONAQ,ONAQ_007,E,9/3/2014,9/4/2014,9/4/2014,,ONAQ_007.20140903.ib.01,ONAQ_007.20140903.ib.01,N,invert bycatch,,,,,,,,,,MsOTQ1geTJhrCbvL1TRCXJuSny+2Sy71Zy8Sr48fw6g=,,2
3D20A58F8B6F411F809D9BAD91B7B12C,D15,ONAQ,ONAQ_005,N,9/3/2014,9/4/2014,9/5/2014,,ONAQ_005.20140903.ib.01,ONAQ_005.20140903.ib.01,Y,invert bycatch,,,,,,,,,,B5YzZg28369xWGye0Wf9qxMwC1Zdm1gM,,2
489F91A390264170A45C814D4351F2B6,D15,ONAQ,ONAQ_005,E,9/3/2014,9/4/2014,9/5/2014,,ONAQ_005.20140903.ib.01,ONAQ_005.20140903.ib.01,N,invert bycatch,,,,,,,,,,B5YzZg28369xWGye0Wf9qxMwC1Zdm1gM,,2
48CC36AC46D246B382CD01DB46541EAF,D15,ONAQ,ONAQ_005,W,9/3/2014,9/4/2014,9/5/2014,,ONAQ_005.20140903.ib.01,ONAQ_005.20140903.ib.01,Y,invert bycatch,,,,,,,,,,B5YzZg28369xWGye0Wf9qxMwC1Zdm1gM,,2
4F6BD8100C024D61A0B0B57FB8D55676,D15,ONAQ,ONAQ_005,S,9/3/2014,9/4/2014,9/5/2014,,ONAQ_005.20140903.ib.01,ONAQ_005.20140903.ib.01,N,invert bycatch,,,,,,,,,,B5YzZg28369xWGye0Wf9qxMwC1Zdm1gM,,2
AD2435C6C9994B98BD53CBAC4B8227EE,D15,ONAQ,ONAQ_004,S,9/3/2014,9/4/2014,4/17/2015,4/17/2015,ONAQ_004.S.20140903.cc.02,ONAQ_004.20140903.cc.01,Y,common carabid,,,,,,D15.2014.MorphC,8,"American Beetles"" Arnett/ Thomas 2001""",z9Nb0fxJczdmi0utaYua6PSPTHDIrAD9,/h2P7iNCFob6MrtXvZ/0KV0VExqkPzVY,No Remarks,0
27878AECDAEC405CA78280E789853DB0,D15,ONAQ,ONAQ_004,S,9/3/2014,9/4/2014,4/17/2015,4/17/2015,ONAQ_004.S.20140903.cc.01,ONAQ_004.20140903.cc.01,Y,common carabid,,,,,,D15.2014.MorphB,14,"American Beetles"" Arnett/ Thomas 2001""",z9Nb0fxJczdmi0utaYua6PSPTHDIrAD9,/h2P7iNCFob6MrtXvZ/0KV0VExqkPzVY,No remarks,0
F020E8C882C84EF0A9885375A0BEE6AE,D15,ONAQ,ONAQ_004,W,9/3/2014,9/4/2014,4/17/2015,4/17/2015,ONAQ_004.W.20140903.cc.02,ONAQ_004.20140903.cc.01,Y,common carabid,,,,,,D15.2014.MorphC,3,"American Beetles"" Arnett/ Thomas 2001""",z9Nb0fxJczdmi0utaYua6PSPTHDIrAD9,/h2P7iNCFob6MrtXvZ/0KV0VExqkPzVY,No Remarks,0
4A4B00F5E27A42F7BD81C65AAF343124,D15,ONAQ,ONAQ_004,W,9/3/2014,9/4/2014,4/17/2015,4/17/2015,ONAQ_004.W.20140903.cc.01,ONAQ_004.20140903.cc.01,Y,common carabid,,,,,,D15.2014.MorphB,7,"American Beetles"" Arnett/ Thomas 2001""",z9Nb0fxJczdmi0utaYua6PSPTHDIrAD9,/h2P7iNCFob6MrtXvZ/0KV0VExqkPzVY,No Remarks,0
53C260EE1515492099DF8E92D435A626,D15,ONAQ,ONAQ_004,N,9/3/2014,9/4/2014,4/17/2015,4/17/2015,ONAQ_004.N.20140903.cc.02,ONAQ_004.20140903.cc.01,Y,common carabid,,,,,,D15.2014.MorphC,35,"American Beetles"" Arnett/ Thomas 2001""",z9Nb0fxJczdmi0utaYua6PSPTHDIrAD9,/h2P7iNCFob6MrtXvZ/0KV0VExqkPzVY,No Remarks,0
29D88938513E4A37BFBB84E8B92FA1E3,D15,ONAQ,ONAQ_004,N,9/3/2014,9/4/2014,4/17/2015,4/17/2015,ONAQ_004.N.20140903.cc.01,ONAQ_004.20140903.cc.01,Y,common carabid,,,,,,D15.2014.MorphB,14,"American Beetles"" Arnett/ Thomas 2001""",z9Nb0fxJczdmi0utaYua6PSPTHDIrAD9,/h2P7iNCFob6MrtXvZ/0KV0VExqkPzVY,No Remarks,0
7AF0D27B49E44C24A210C7760713C3D4,D15,ONAQ,ONAQ_004,E,9/3/2014,9/4/2014,4/17/2015,4/17/2015,ONAQ_004.E.20140903.cc.01,ONAQ_004.20140903.cc.01,Y,common carabid,,,,,,D15.2014.MorphB,21,"American Beetles"" Arnett/ Thomas 2001""",z9Nb0fxJczdmi0utaYua6PSPTHDIrAD9,/h2P7iNCFob6MrtXvZ/0KV0VExqkPzVY,No Remarks,0
D1536347D91A485E9A167463769DF355,D15,ONAQ,ONAQ_004,E,9/3/2014,9/4/2014,4/17/2015,4/17/2015,ONAQ_004.E.20140903.cc.02,ONAQ_004.20140903.cc.01,Y,common carabid,,,,,,D15.2014.MorphC,32,"American Beetles"" Arnett/ Thomas 2001""",z9Nb0fxJczdmi0utaYua6PSPTHDIrAD9,/h2P7iNCFob6MrtXvZ/0KV0VExqkPzVY,No Remarks,0
04CDBF0297B54098BAD2F032D3246D01,D15,ONAQ,ONAQ_004,N,9/3/2014,9/4/2014,9/4/2014,,ONAQ_004.20140903.ib.01,ONAQ_004.20140903.ib.01,Y,invert bycatch,,,,,,,,,,MsOTQ1geTJhrCbvL1TRCXJuSny+2Sy71Zy8Sr48fw6g=,,0
21AD8013806D4578BD480661166F8FBD,D15,ONAQ,ONAQ_003,S,9/3/2014,9/4/2014,9/4/2014,,ONAQ_003.20140903.ib.01,ONAQ_003.20140903.ib.01,Y,invert bycatch,,,,,,,,,,MsOTQ1geTJhrCbvL1TRCXJuSny+2Sy71Zy8Sr48fw6g=,,2
341BBD01DED843D396857CC799E5AD07,D15,ONAQ,ONAQ_003,N,9/3/2014,9/4/2014,9/4/2014,,ONAQ_003.20140903.ib.01,ONAQ_003.20140903.ib.01,N,invert bycatch,,,,,,,,,,MsOTQ1geTJhrCbvL1TRCXJuSny+2Sy71Zy8Sr48fw6g=,,2
62769783C91A4821AA9F55A099BD13AD,D15,ONAQ,ONAQ_003,W,9/3/2014,9/4/2014,9/4/2014,,ONAQ_003.20140903.ib.01,ONAQ_003.20140903.ib.01,N,invert bycatch,,,,,,,,,,MsOTQ1geTJhrCbvL1TRCXJuSny+2Sy71Zy8Sr48fw6g=,,2
CC46B18CC18A4710B8E436D9B34A3629,D15,ONAQ,ONAQ_002,S,9/11/2014,9/12/2014,9/16/2014,,ONAQ_002.20140911.ib.01,ONAQ_002.20140911.ib.01,Y,invert bycatch,,,,,,,,,,B5YzZg28369xWGye0Wf9qxMwC1Zdm1gM,,2
A1FC4D6905BD441EAD6F6D2FC14163B4,D15,ONAQ,ONAQ_002,N,9/11/2014,9/12/2014,9/16/2014,,ONAQ_002.20140911.ib.01,ONAQ_002.20140911.ib.01,Y,invert bycatch,,,,,,,,,,B5YzZg28369xWGye0Wf9qxMwC1Zdm1gM,North trap had very high liquid and may have had part of sample wash out due to flooding.,2
F19B57CA600340DEA7BA65B7D439900B,D15,ONAQ,ONAQ_002,W,9/11/2014,9/12/2014,9/16/2014,,ONAQ_002.20140911.ib.02,ONAQ_002.20140911.ib.02,Y,invert bycatch,,,,,,,,,,B5YzZg28369xWGye0Wf9qxMwC1Zdm1gM,,2
574C3FC7B3614FD9AEF433C6BFABFE76,D15,ONAQ,ONAQ_002,E,9/11/2014,9/12/2014,9/16/2014,,ONAQ_002.20140911.ib.02,ONAQ_002.20140911.ib.02,Y,invert bycatch,,,,,,,,,,B5YzZg28369xWGye0Wf9qxMwC1Zdm1gM,,2
824FBFC41915457199BE7FC3E801A175,D15,ONAQ,ONAQ_002,S,9/11/2014,9/12/2014,4/20/2015,4/20/2015,ONAQ_002.S.20140911.cc.01,ONAQ_002.S.20140911.cc.01,Y,common carabid,,,,,,D15.2014.MorphB,1,"American Beetles"" Arnett/ Thomas 2001""",z9Nb0fxJczdmi0utaYua6PSPTHDIrAD9,/h2P7iNCFob6MrtXvZ/0KV0VExqkPzVY,"There is only one common carabid beetle from this plot (that hasn't been pinned) and date for this tube, kept sample ID as ONAQ.002.S.20140911.cc.01"" as final sample ID as was not actually pooled with any other common carabids from other traps.""",0
AB3807B83BC24B67A371127FFA8356CB,D15,ONAQ,ONAQ_004,W,9/11/2014,9/12/2014,4/20/2015,4/20/2015,ONAQ_004.W.20140911.cc.01,ONAQ_004.20140911.cc.01,Y,common carabid,,,,,,D15.2014.MorphC,15,"American Beetles"" Arnett/ Thomas 2001""",z9Nb0fxJczdmi0utaYua6PSPTHDIrAD9,/h2P7iNCFob6MrtXvZ/0KV0VExqkPzVY,No Remarks,0
E7DA36DCD15246238CCCB7A3F56CCE67,D15,ONAQ,ONAQ_004,W,9/11/2014,9/12/2014,4/20/2015,4/20/2015,ONAQ_004.W.20140911.cc.02,ONAQ_004.20140911.cc.01,Y,common carabid,,,,,,D15.2014.MorphB,15,"American Beetles"" Arnett/ Thomas 2001""",z9Nb0fxJczdmi0utaYua6PSPTHDIrAD9,/h2P7iNCFob6MrtXvZ/0KV0VExqkPzVY,No Remarks,0
842B6254E8904439B4990CDE69C403CC,D15,ONAQ,ONAQ_004,S,9/11/2014,9/12/2014,4/20/2015,4/20/2015,ONAQ_004.S.20140911.cc.01,ONAQ_004.20140911.cc.01,Y,common carabid,,,,,,D15.2014.MorphC,3,"American Beetles"" Arnett/ Thomas 2001""",z9Nb0fxJczdmi0utaYua6PSPTHDIrAD9,/h2P7iNCFob6MrtXvZ/0KV0VExqkPzVY,No Remarks,0
7AF3FDBE4E094E3094670C2EC1C79CD4,D15,ONAQ,ONAQ_004,N,9/11/2014,9/12/2014,9/16/2014,,ONAQ_004.20140911.ib.01,ONAQ_004.20140911.ib.01,Y,invert bycatch,,,,,,,,,,B5YzZg28369xWGye0Wf9qxMwC1Zdm1gM,,0
38E46792C85747899C9BFC0E3A1CA281,D15,ONAQ,ONAQ_004,N,9/11/2014,9/12/2014,4/20/2015,4/20/2015,ONAQ_004.N.20140911.cc.02,ONAQ_004.20140911.cc.01,Y,common carabid,,,,,,D15.2014.MorphC,18,"American Beetles"" Arnett/ Thomas 2001""",z9Nb0fxJczdmi0utaYua6PSPTHDIrAD9,/h2P7iNCFob6MrtXvZ/0KV0VExqkPzVY,No Remarks,0
9299EFD97691484293A23EC1CB4665A1,D15,ONAQ,ONAQ_004,N,9/11/2014,9/12/2014,4/20/2015,4/20/2015,ONAQ_004.N.20140911.cc.01,ONAQ_004.20140911.cc.01,Y,common carabid,,,,,,D15.2014.MorphB,12,"American Beetles"" Arnett/ Thomas 2001""",z9Nb0fxJczdmi0utaYua6PSPTHDIrAD9,/h2P7iNCFob6MrtXvZ/0KV0VExqkPzVY,No Remarks,0
4E17DEF43FF34D45BDE1E143B3454596,D15,ONAQ,ONAQ_004,E,9/11/2014,9/12/2014,4/20/2015,4/20/2015,ONAQ_004.E.20140911.cc.01,ONAQ_004.20140911.cc.01,Y,common carabid,,,,,,D15.2014.MorphB,1,"American Beetles"" Arnett/ Thomas 2001""",z9Nb0fxJczdmi0utaYua6PSPTHDIrAD9,/h2P7iNCFob6MrtXvZ/0KV0VExqkPzVY,No Remarks,0
E4ED88DEC3EB48DF9FB23DC9F2773124,D15,ONAQ,ONAQ_004,E,9/11/2014,9/12/2014,4/20/2015,4/20/2015,ONAQ_004.E.20140911.cc.02,ONAQ_004.20140911.cc.01,Y,common carabid,,,,,,D15.2014.MorphC,13,"American Beetles"" Arnett/ Thomas 2001""",z9Nb0fxJczdmi0utaYua6PSPTHDIrAD9,/h2P7iNCFob6MrtXvZ/0KV0VExqkPzVY,No Remarks,0
36E8AF5957BB44B0A299B7AD8A694344,D15,ONAQ,ONAQ_005,S,9/11/2014,9/12/2014,9/15/2014,,ONAQ_005.20140911.ib.01,ONAQ_005.20140911.ib.01,Y,invert bycatch,,,,,,,,,,B5YzZg28369xWGye0Wf9qxMwC1Zdm1gM,,2
8A5F3434231B43AEA501333B6358B9DC,D15,ONAQ,ONAQ_005,W,9/11/2014,9/12/2014,9/15/2014,,ONAQ_005.20140911.ib.01,ONAQ_005.20140911.ib.01,Y,invert bycatch,,,,,,,,,,B5YzZg28369xWGye0Wf9qxMwC1Zdm1gM,,2
C98C6829909D46CD92EAED2A0C5FF1CF,D15,ONAQ,ONAQ_005,E,9/11/2014,9/12/2014,9/15/2014,,ONAQ_005.20140911.ib.01,ONAQ_005.20140911.ib.01,N,invert bycatch,,,,,,,,,,B5YzZg28369xWGye0Wf9qxMwC1Zdm1gM,,2
86CA56EEEE9A457AABC1A484BA9F2CC9,D15,ONAQ,ONAQ_005,N,9/11/2014,9/12/2014,9/15/2014,,ONAQ_005.20140911.ib.01,ONAQ_005.20140911.ib.01,N,invert bycatch,,,,,,,,,,B5YzZg28369xWGye0Wf9qxMwC1Zdm1gM,,2
1C4C680495CF49A6A8E08D13395EDA62,D15,ONAQ,ONAQ_006,N,9/11/2014,9/11/2014,9/15/2014,,ONAQ_006.20140911.ib.01,ONAQ_006.20140911.ib.01,Y,invert bycatch,,,,,,,,,,B5YzZg28369xWGye0Wf9qxMwC1Zdm1gM,,0
C597467261D249948F4F7DF0AB66A59E,D15,ONAQ,ONAQ_006,E,9/11/2014,9/12/2014,4/20/2015,4/20/2015,ONAQ_006.E.20140911.cc.01,ONAQ_006.E.20140911.cc.01,Y,common carabid,,,,,,D15.2014.MorphB,13,"American Beetles"" Arnett/ Thomas 2001""",z9Nb0fxJczdmi0utaYua6PSPTHDIrAD9,/h2P7iNCFob6MrtXvZ/0KV0VExqkPzVY,"There is only one common carabid beetle from this plot (that hasn't been pinned) and date for this tube, kept sample ID as ONAQ.006.E.20140911.cc.01"" as final sample ID as was not actually pooled with any other common carabids from other traps.""",0
E01826AEC8AD48B4AF8972206F791BA8,D15,ONAQ,ONAQ_008,S,9/11/2014,9/12/2014,4/20/2015,4/20/2015,ONAQ_008.S.20140911.cc.01,ONAQ_008.20140911.cc.01,Y,common carabid,,,,,,D15.2014.MorphB,2,"American Beetles"" Arnett/ Thomas 2001""",z9Nb0fxJczdmi0utaYua6PSPTHDIrAD9,/h2P7iNCFob6MrtXvZ/0KV0VExqkPzVY,No Remarks,0
54770BA6B678429CB2F64313AAB1DD0D,D15,ONAQ,ONAQ_008,E,9/11/2014,9/12/2014,4/20/2015,4/20/2015,ONAQ_008.E.20140911.cc.01,ONAQ_008.20140911.cc.01,Y,common carabid,,,,,,D15.2014.MorphB,1,"American Beetles"" Arnett/ Thomas 2001""",z9Nb0fxJczdmi0utaYua6PSPTHDIrAD9,/h2P7iNCFob6MrtXvZ/0KV0VExqkPzVY,No Remarks,0
A571BF9C0D01463285F40B0BEB24E2F5,D15,ONAQ,ONAQ_008,N,9/11/2014,9/12/2014,9/16/2014,,ONAQ_008.20140911.ib.01,ONAQ_008.20140911.ib.01,Y,invert bycatch,,,,,,,,,,MsOTQ1geTJhrCbvL1TRCXJuSny+2Sy71Zy8Sr48fw6g=,,0
3096D8278BB14EB681653487C2EE884D,D15,ONAQ,ONAQ_009,E,9/11/2014,9/12/2014,9/15/2014,,ONAQ_009.20140911.ib.01,ONAQ_009.20140911.ib.01,N,invert bycatch,,,,,,,,,,B5YzZg28369xWGye0Wf9qxMwC1Zdm1gM,,2
FEB3C595A6184286B6A114B854F8B141,D15,ONAQ,ONAQ_009,S,9/11/2014,9/12/2014,9/15/2014,,ONAQ_009.20140911.ib.01,ONAQ_009.20140911.ib.01,Y,invert bycatch,,,,,,,,,,B5YzZg28369xWGye0Wf9qxMwC1Zdm1gM,,2
58697436585D4567AAEDC8BC9F7529A1,D15,ONAQ,ONAQ_009,W,9/11/2014,9/12/2014,9/15/2014,,ONAQ_009.20140911.ib.01,ONAQ_009.20140911.ib.01,Y,invert bycatch,,,,,,,,,,B5YzZg28369xWGye0Wf9qxMwC1Zdm1gM,,2
EE418254FFE54B159CE4B809FB266C8F,D15,ONAQ,ONAQ_009,N,9/11/2014,9/12/2014,9/15/2014,,ONAQ_009.20140911.ib.01,ONAQ_009.20140911.ib.01,N,invert bycatch,,,,,,,,,,B5YzZg28369xWGye0Wf9qxMwC1Zdm1gM,,2
B14C8DEE89D1454FBB8D48DDE141D3B8,D15,ONAQ,ONAQ_010,E,9/11/2014,9/12/2014,4/20/2015,4/20/2015,ONAQ_010.E.20140911.cc.01,ONAQ_010.20140911.cc.01,Y,common carabid,,,,,,D15.2014.MorphB,8,"American Beetles"" Arnett/ Thomas 2001""",z9Nb0fxJczdmi0utaYua6PSPTHDIrAD9,/h2P7iNCFob6MrtXvZ/0KV0VExqkPzVY,No Remark,0
F9DDCF53F271465D950051584891B8B4,D15,ONAQ,ONAQ_010,N,9/11/2014,9/12/2014,9/16/2014,,ONAQ_010.20140911.ib.01,ONAQ_010.20140911.ib.01,Y,invert bycatch,,,,,,,,,,MsOTQ1geTJhrCbvL1TRCXJuSny+2Sy71Zy8Sr48fw6g=,,0
240F664A84FA4B11AC10A34B3A0C1392,D15,ONAQ,ONAQ_010,N,9/11/2014,9/12/2014,4/20/2015,4/20/2015,ONAQ_010.N.20140911.cc.01,ONAQ_010.20140911.cc.01,Y,common carabid,,,,,,D15.2014.MorphB,10,"American Beetles"" Arnett/ Thomas 2001""",z9Nb0fxJczdmi0utaYua6PSPTHDIrAD9,/h2P7iNCFob6MrtXvZ/0KV0VExqkPzVY,No Remarks,0
F3E152DDCF9B403083F46E98BB5E5F8B,D15,ONAQ,ONAQ_010,W,9/11/2014,9/12/2014,4/20/2015,4/20/2015,ONAQ_010.W.20140911.cc.01,ONAQ_010.20140911.cc.01,Y,common carabid,,,,,,D15.2014.MorphB,44,"American Beetles"" Arnett/ Thomas 2001""",z9Nb0fxJczdmi0utaYua6PSPTHDIrAD9,/h2P7iNCFob6MrtXvZ/0KV0VExqkPzVY,No Remarks,0
FE60FD2199534BDCA818BA31AE38B0DE,D15,ONAQ,ONAQ_010,S,9/11/2014,9/12/2014,4/20/2015,4/20/2015,ONAQ_010.S.20140911.cc.01,ONAQ_010.20140911.cc.01,Y,common carabid,,,,,,D15.2014.MorphB,24,"American Beetles"" Arnett/ Thomas 2001""",z9Nb0fxJczdmi0utaYua6PSPTHDIrAD9,/h2P7iNCFob6MrtXvZ/0KV0VExqkPzVY,No Remarks,0
23647F9C1FD14336887DCA11873AEDDD,D15,ONAQ,ONAQ_012,N,9/11/2014,9/12/2014,4/20/2015,4/20/2015,ONAQ_012.N.20140911.cc.01,ONAQ_012.20140911.cc.01,Y,common carabid,,,,,,D15.2014.MorphB,1,"American Beetles"" Arnett/ Thomas 2001""",z9Nb0fxJczdmi0utaYua6PSPTHDIrAD9,/h2P7iNCFob6MrtXvZ/0KV0VExqkPzVY,No Remarks,0
8B9BB56DB7084CDE903BB79355DB9CF1,D15,ONAQ,ONAQ_012,N,9/11/2014,9/12/2014,9/15/2014,,ONAQ_012.20140911.ib.01,ONAQ_012.20140911.ib.01,Y,invert bycatch,,,,,,,,,,B5YzZg28369xWGye0Wf9qxMwC1Zdm1gM,,0
33241C70580F4C4A8743FFFC01F14FC6,D15,ONAQ,ONAQ_012,W,9/11/2014,9/12/2014,4/20/2015,4/20/2015,ONAQ_012.W.20140911.cc.01,ONAQ_012.20140911.cc.01,Y,common carabid,,,,,,D15.2014.MorphB,1,"American Beetles"" Arnett/ Thomas 2001""",z9Nb0fxJczdmi0utaYua6PSPTHDIrAD9,/h2P7iNCFob6MrtXvZ/0KV0VExqkPzVY,No Remarks,0
