"uid","domainID","siteID","plotID","trapID","collectDate","processingDate","identifiedDate","sampleID","individualID","specimenSource","taxonID","scientificName","taxonRank","identificationQualifier","scientificNameAuthorship","morphospeciesID","identificationReferences","identifiedBy","recordedBy","remarks","duplicateIndividualIDQF"
"8559A0831D58406EB30FD7ED6ACA797B","D15","ONAQ","ONAQ_004","N","2014-07-03","2015-04-14","2015-04-14","ONAQ_004.N.20140703.oc.01","NEON.BET.D15.000070","vial of pooled individuals",,,,,,"D15.2014.MorphE",""American Beetles" Arnett/ Thomas 2001","z9Nb0fxJczdmi0utaYua6PSPTHDIrAD9","/h2P7iNCFob6MrtXvZ/0KV0VExqkPzVY","Tribe: Hairy Harpalini",0
"C1AB804DA82342D2ADEBBDE7C6228632","D15","ONAQ","ONAQ_012","W","2014-07-03","2015-04-15","2015-04-15","ONAQ_012.W.20140703.oc.01","NEON.BET.D15.000162","vial of pooled individuals",,,,,,"D15.2014.MorphD",""American Beetles" Arnett/Thomas","z9Nb0fxJczdmi0utaYua6PSPTHDIrAD9","/h2P7iNCFob6MrtXvZ/0KV0VExqkPzVY","Tribe: Carabini",0
"300DF7B4A0AB49B7A55BE4F02DD02C58","D15","ONAQ","ONAQ_006","S","2014-07-03","2015-04-14","2015-04-14","ONAQ_006.S.20140703.oc.01","NEON.BET.D15.000057","vial of pooled individuals",,,,,,"D15.2014.MorphD",""American Beetles" Arnett/ Thomas 2001","z9Nb0fxJczdmi0utaYua6PSPTHDIrAD9","/h2P7iNCFob6MrtXvZ/0KV0VExqkPzVY","Tribe: Carabini",0
"C82377988EA6485C87D2D71E9ABADA75","D15","ONAQ","ONAQ_006","S","2014-07-03","2015-04-14","2015-04-14","ONAQ_006.S.20140703.oc.01","NEON.BET.D15.000056","vial of pooled individuals",,,,,,"D15.2014.MorphD",""American Beetles" Arnett/ Thomas 2001","z9Nb0fxJczdmi0utaYua6PSPTHDIrAD9","/h2P7iNCFob6MrtXvZ/0KV0VExqkPzVY","Tribe: Carabini",0
"611DE4A6FA1F4A1391B8DFA65BABDAF6","D15","ONAQ","ONAQ_007","E","2014-07-03","2015-04-14","2015-04-14","ONAQ_007.E.20140703.cc.01","NEON.BET.D15.000063","vial of pooled individuals",,,,,,"D15.2014.MorphB",""American Beetles" Arnett/ Thomas 2001","z9Nb0fxJczdmi0utaYua6PSPTHDIrAD9","/h2P7iNCFob6MrtXvZ/0KV0VExqkPzVY","Tribe: Lebiini",0
"7BC079724AF5413CB82C6D8B8BBCF6A0","D15","ONAQ","ONAQ_007","E","2014-07-03","2015-04-14","2015-04-14","ONAQ_007.E.20140703.cc.01","NEON.BET.D15.000062","vial of pooled individuals",,,,,,"D15.2014.MorphB",""American Beetles" Arnett/ Thomas 2001","z9Nb0fxJczdmi0utaYua6PSPTHDIrAD9","/h2P7iNCFob6MrtXvZ/0KV0VExqkPzVY","Tribe: Lebiini",0
"C19CA7DED539453287CD96124C79A2C4","D15","ONAQ","ONAQ_004","W","2014-07-03","2015-04-14","2015-04-14","ONAQ_004.W.20140703.cc.01","NEON.BET.D15.000064","vial of pooled individuals",,,,,,"D15.2014.MorphB",""American Beetles" Arnett/ Thomas 2001","z9Nb0fxJczdmi0utaYua6PSPTHDIrAD9","/h2P7iNCFob6MrtXvZ/0KV0VExqkPzVY","Tribe: Lebiini",0
"C8AC552C7366442BA79D52E7D5AEA0AA","D15","ONAQ","ONAQ_004","E","2014-07-03","2015-04-14","2015-04-14","ONAQ_004.E.20140703.cc.01","NEON.BET.D15.000069","vial of pooled individuals",,,,,,"D15.2014.MorphB",""American Beetles" Arnett/ Thomas 2001","z9Nb0fxJczdmi0utaYua6PSPTHDIrAD9","/h2P7iNCFob6MrtXvZ/0KV0VExqkPzVY","Tribe: Lebiini",0
"67F4813F2D684E8881F3561A57F048BF","D15","ONAQ","ONAQ_004","E","2014-07-03","2015-04-14","2015-04-14","ONAQ_004.E.20140703.cc.01","NEON.BET.D15.000068","vial of pooled individuals",,,,,,"D15.2014.MorphB",""American Beetles" Arnett/ Thomas 2001","z9Nb0fxJczdmi0utaYua6PSPTHDIrAD9","/h2P7iNCFob6MrtXvZ/0KV0VExqkPzVY","Tribe: Lebiini",0
"D585F2DC9CD5421C842276C1AA27D58F","D15","ONAQ","ONAQ_006","S","2014-07-17","2015-04-16","2015-04-16","ONAQ_006.S.20140717.oc.01","NEON.BET.D15.000222","vial of pooled individuals",,,,,,"D15.2014.MorphD",""American Beetles" Arnett/ Thomas 2001","z9Nb0fxJczdmi0utaYua6PSPTHDIrAD9","/h2P7iNCFob6MrtXvZ/0KV0VExqkPzVY","Tribe: Carabini",0
"8113FBF652C549B6BC58054E874B3332","D15","ONAQ","ONAQ_012","S","2014-07-17","2015-04-16","2015-04-16","ONAQ_012.S.20140717.oc.01","NEON.BET.D15.000166","vial of pooled individuals",,,,,,"D15.2014.MorphD",""American Beetles" Arnett/Thomas","z9Nb0fxJczdmi0utaYua6PSPTHDIrAD9","/h2P7iNCFob6MrtXvZ/0KV0VExqkPzVY","Tribe: Carabini",2
"628D6041EEF94959AC2827507337DE6E","D15","ONAQ","ONAQ_012","S","2014-07-17","2015-04-16","2015-04-16","ONAQ_012.S.20140717.oc.01","NEON.BET.D15.000166","vial of pooled individuals",,,,,,"D15.2014.MorphD",""American Beetle" Arnett/Thomas","z9Nb0fxJczdmi0utaYua6PSPTHDIrAD9","/h2P7iNCFob6MrtXvZ/0KV0VExqkPzVY","Tribe: Carabini",2
"FFEE4D6F941D4EC6A922D79C47A5274A","D15","ONAQ","ONAQ_012","S","2014-07-17","2015-04-15","2015-04-15","ONAQ_012.S.20140717.oc.01","NEON.BET.D15.000164","vial of pooled individuals",,,,,,"D15.2014.MorphI",""American Beetles" Arnett/Thomas","z9Nb0fxJczdmi0utaYua6PSPTHDIrAD9","/h2P7iNCFob6MrtXvZ/0KV0VExqkPzVY","Tribe: Carabini",0
"7DBF6A3882034617907782413379FD52","D15","ONAQ","ONAQ_012","W","2014-07-17","2015-04-15","2015-04-15","ONAQ_012.W.20140717.oc.01","NEON.BET.D15.000165","vial of pooled individuals",,,,,,"D15.2014.MorphI",""American Beetles" Arnett/Thomas","z9Nb0fxJczdmi0utaYua6PSPTHDIrAD9","/h2P7iNCFob6MrtXvZ/0KV0VExqkPzVY","Tribe: Carabini",0
"9984A4D7DECD4C138B41E8ED45EC6F14","D15","ONAQ","ONAQ_012","S","2014-07-17","2015-04-16","2015-04-16","ONAQ_012.S.20140717.oc.01","NEON.BET.D15.000221","vial of pooled individuals",,,,,,"D15.2014.MorphI",""American Beetles" Arnett/ Thomas 2001","z9Nb0fxJczdmi0utaYua6PSPTHDIrAD9","/h2P7iNCFob6MrtXvZ/0KV0VExqkPzVY","Tribe: Carabini",0
"CFC4D9FEBA1E421CA41A18B6DD7178C4","D15","ONAQ","ONAQ_012","S","2014-07-17","2015-04-16","2015-04-16","ONAQ_012.S.20140717.oc.01","NEON.BET.D15.000220","vial of pooled individuals",,,,,,"D15.2014.MorphI",""American Beetles" Arnett/ Thomas 2001","z9Nb0fxJczdmi0utaYua6PSPTHDIrAD9","/h2P7iNCFob6MrtXvZ/0KV0VExqkPzVY","Tribe: Carabini",0
"77F5279F7EC044EFA9C2693D5F99F0D0","D15","ONAQ","ONAQ_010","W","2014-07-17","2015-04-14","2015-04-14","ONAQ_010.W.20140717.oc.01","NEON.BET.D15.000120","vial of pooled individuals",,,,,,"D15.2014.MorphD",""American Beetles" Arnett/ Thomas 2001","z9Nb0fxJczdmi0utaYua6PSPTHDIrAD9","/h2P7iNCFob6MrtXvZ/0KV0VExqkPzVY","Tribe: Carabini",0
"48CA88B3206B4668A00862DAE87656BC","D15","ONAQ","ONAQ_009","W","2014-07-17","2015-04-16","2015-04-16","ONAQ_009.W.20140717.oc.01","NEON.BET.D15.000167","vial of pooled individuals",,,,,,"D15.2014.MorphH",""American Beetles" Arnett/Thomas","z9Nb0fxJczdmi0utaYua6PSPTHDIrAD9","/h2P7iNCFob6MrtXvZ/0KV0VExqkPzVY","Tribe: Harapalini",0
"6B2644F706564A7B862D29D2728A9404","D15","ONAQ","ONAQ_010","S","2014-07-19","2015-04-14","2015-04-14","ONAQ_010.S.20140719.cc.01","NEON.BET.D15.000108","vial of pooled individuals",,,,,,"D15.2014.MorphB",""American Beetles" Arnett/ Thomas 2001","z9Nb0fxJczdmi0utaYua6PSPTHDIrAD9","/h2P7iNCFob6MrtXvZ/0KV0VExqkPzVY","Tribe: Lebiini",0
"312031E9356849B8A143D1E8E9EB1DCA","D15","ONAQ","ONAQ_004","N","2014-07-31","2015-04-14","2015-04-14","ONAQ_004.N.20140731.oc.01","NEON.BET.D15.000071","vial of pooled individuals",,,,,,"D15.2014.MorphF",""American Beetles" Arnett/ Thomas 2001","z9Nb0fxJczdmi0utaYua6PSPTHDIrAD9","/h2P7iNCFob6MrtXvZ/0KV0VExqkPzVY","Tribe: Hairy Harpalini",0
"852D8342877341E7B88E5FD3E809DDCD","D15","ONAQ","ONAQ_012","S","2014-07-31","2015-04-14","2015-04-14","ONAQ_012.S.20140731.oc.01","NEON.BET.D15.000121","vial of pooled individuals",,,,,,"D15.2014.MorphD",""American Beetles" Arnett/Thomas","z9Nb0fxJczdmi0utaYua6PSPTHDIrAD9","/h2P7iNCFob6MrtXvZ/0KV0VExqkPzVY","Tribe: Carabini",0
"7D357AE7F634458E95E35BDA81430863","D15","ONAQ","ONAQ_012","S","2014-07-31","2015-04-14","2015-04-14","ONAQ_012.S.20140731.cc.01","NEON.BET.D15.000123","vial of pooled individuals",,,,,,"D15.2014.MorphB",""American Beetles" Arnett/Thomas","z9Nb0fxJczdmi0utaYua6PSPTHDIrAD9","/h2P7iNCFob6MrtXvZ/0KV0VExqkPzVY","Tribe: Lebiini",0
"B2A43B2C79154510B5340841E4C7F5ED","D15","ONAQ","ONAQ_012","S","2014-07-31","2015-04-14","2015-04-16","ONAQ_012.S.20140731.oc.01","NEON.BET.D15.000122","vial of pooled individuals",,,,,,"D15.2014.MorphI",""American Beetles" Arnett/Thomas","z9Nb0fxJczdmi0utaYua6PSPTHDIrAD9","/h2P7iNCFob6MrtXvZ/0KV0VExqkPzVY","Tribe: Carabini
Re-identified as Morph I on 20150416",0
"CCEF29C3F497439D857DFF432ACC736B","D15","ONAQ","ONAQ_009","S","2014-07-31","2015-04-16","2015-04-16","ONAQ_009.S.20140731.cc.01","NEON.BET.D15.000170","vial of pooled individuals",,,,,,"D15.2014.MorphB",""American Beetles" Arnett/Thomas","z9Nb0fxJczdmi0utaYua6PSPTHDIrAD9","/h2P7iNCFob6MrtXvZ/0KV0VExqkPzVY","Tribe: Lebiini",0
"A646C6E873B74EEBB7BC606BD37831E8","D15","ONAQ","ONAQ_006","W","2014-07-31","2015-04-16","2015-04-16","ONAQ_006.W.20140731.oc.01","NEON.BET.D15.000168","vial of pooled individuals",,,,,,"D15.2014.MorphI",""American Beetle" Arnett/Thomas","z9Nb0fxJczdmi0utaYua6PSPTHDIrAD9","/h2P7iNCFob6MrtXvZ/0KV0VExqkPzVY","Tribe: Carabini",0
"C6042D80A2D248929D6B3BE34D03F049","D15","ONAQ","ONAQ_006","S","2014-07-31","2015-04-16","2015-04-16","ONAQ_006.S.20140731.oc.01","NEON.BET.D15.000169","vial of pooled individuals",,,,,,"D15.2014.MorphI",""American Beetles" Arnett/Thomas","z9Nb0fxJczdmi0utaYua6PSPTHDIrAD9","/h2P7iNCFob6MrtXvZ/0KV0VExqkPzVY","Tribe: Carabini",0
"F89F2EF8B2CA47A0935FE37156A617D6","D15","ONAQ","ONAQ_004","E","2014-07-31","2015-04-14","2015-04-14","ONAQ_004.E.20140731.cc.01","NEON.BET.D15.000066","vial of pooled individuals",,,,,,"D15.2014.MorphB",""American Beetles" Arnett/ Thomas 2001","z9Nb0fxJczdmi0utaYua6PSPTHDIrAD9","/h2P7iNCFob6MrtXvZ/0KV0VExqkPzVY","Tribe: Lebiini",0
"8931ED62093841179438430B479B5B0C","D15","ONAQ","ONAQ_004","N","2014-07-31","2015-04-14","2015-04-14","ONAQ_004.N.20140731.cc.01","NEON.BET.D15.000065","vial of pooled individuals",,,,,,"D15.2014.MorphB",""American Beetles" Arnett/ Thomas 2001","z9Nb0fxJczdmi0utaYua6PSPTHDIrAD9","/h2P7iNCFob6MrtXvZ/0KV0VExqkPzVY","Tribe: Lebiini",0
"016AC1EAF80F4E9BA677B833BCECB4CE","D15","ONAQ","ONAQ_004","E","2014-07-31","2015-04-14","2015-04-14","ONAQ_004.E.20140731.cc.01","NEON.BET.D15.000067","vial of pooled individuals",,,,,,"D15.2014.MorphB",""American Beetles" Arnett/ Thomas 2001","z9Nb0fxJczdmi0utaYua6PSPTHDIrAD9","/h2P7iNCFob6MrtXvZ/0KV0VExqkPzVY","Tribe: Lebiini",0
"2B459D2028D841FB8BE86C6E2F2CE9C7","D15","ONAQ","ONAQ_002","N","2014-08-14","2015-04-16","2015-04-16","ONAQ_002.N.20140814.cc.01","NEON.BET.D15.000171","vial of pooled individuals",,,,,,"D15.2014.MorphB",""American Beetles" Arnett/Thomas","z9Nb0fxJczdmi0utaYua6PSPTHDIrAD9","/h2P7iNCFob6MrtXvZ/0KV0VExqkPzVY","Tribe: Lebiini",0
"FBF3C617548E4B8AB519FBBDECB0EC8F","D15","ONAQ","ONAQ_012","E","2014-08-14","2015-04-16","2015-04-16","ONAQ_012.E.20140814.cc.01","NEON.BET.D15.000183","vial of pooled individuals",,,,,,"D15.2014.MorphB",""American Beetles" Arnett/ Thomas 2001","z9Nb0fxJczdmi0utaYua6PSPTHDIrAD9","/h2P7iNCFob6MrtXvZ/0KV0VExqkPzVY","None",0
"9611A86CA1C84537825EA8F184ACDCD2","D15","ONAQ","ONAQ_010","S","2014-08-14","2015-04-16","2015-04-16","ONAQ_010.S.20140814.cc.01","NEON.BET.D15.000177","vial of pooled individuals",,,,,,"D15.2014.MorphB",""American Beetles" Arnett/Thomas","z9Nb0fxJczdmi0utaYua6PSPTHDIrAD9","/h2P7iNCFob6MrtXvZ/0KV0VExqkPzVY","Tribe: Lebiini",0
"3EC90E4CC9874611AFF227796C7760BC","D15","ONAQ","ONAQ_010","W","2014-08-14","2015-04-16","2015-04-16","ONAQ_010.W.20140814.cc.01","NEON.BET.D15.000176","vial of pooled individuals",,,,,,"D15.2014.MorphB",""American Beetles" Arnett/Thomas","z9Nb0fxJczdmi0utaYua6PSPTHDIrAD9","/h2P7iNCFob6MrtXvZ/0KV0VExqkPzVY","Tribe: Lebiini",0
"726A3379F96B438E84E38B48D0A41E52","D15","ONAQ","ONAQ_009","S","2014-08-14","2015-04-16","2015-04-16","ONAQ_009.S.20140814.cc.01","NEON.BET.D15.000175","vial of pooled individuals",,,,,,"D15.2014.MorphB",""American Beetles" Arnett/Thomas","z9Nb0fxJczdmi0utaYua6PSPTHDIrAD9","/h2P7iNCFob6MrtXvZ/0KV0VExqkPzVY","Tribe: Lebiini",0
"42A6BE333E374AEE827FE93BB421AD41","D15","ONAQ","ONAQ_008","E","2014-08-14","2015-04-14","2015-04-14","ONAQ_008.E.20140814.cc.01","NEON.BET.D15.000078","vial of pooled individuals",,,,,,"D15.2014.MorphB",""American Beetles" Arnett/ Thomas 2001","z9Nb0fxJczdmi0utaYua6PSPTHDIrAD9","/h2P7iNCFob6MrtXvZ/0KV0VExqkPzVY","Tribe: Lebiini",0
"C2D320AC7C634E3A92DBCF02E8C13C15","D15","ONAQ","ONAQ_008","E","2014-08-14","2015-04-14","2015-04-14","ONAQ_008.E.20140814.cc.01","NEON.BET.D15.000075","vial of pooled individuals",,,,,,"D15.2014.MorphB",""American Beetles" Arnett/ Thomas 2001","z9Nb0fxJczdmi0utaYua6PSPTHDIrAD9","/h2P7iNCFob6MrtXvZ/0KV0VExqkPzVY","Tribe: Lebiini",0
"18A6FF707F024CF69C499FC9323F5000","D15","ONAQ","ONAQ_008","E","2014-08-14","2015-04-14","2015-04-14","ONAQ_008.E.20140814.cc.01","NEON.BET.D15.000074","vial of pooled individuals",,,,,,"D15.2014.MorphB",""American Beetles" Arnett/ Thomas 2001","z9Nb0fxJczdmi0utaYua6PSPTHDIrAD9","/h2P7iNCFob6MrtXvZ/0KV0VExqkPzVY","Tribe: Lebiini",0
"27D6387E8B9A49D6A38BDD8DD1146443","D15","ONAQ","ONAQ_008","W","2014-08-14","2015-04-14","2015-04-14","ONAQ_008.W.20140814.cc.01","NEON.BET.D15.000077","vial of pooled individuals",,,,,,"D15.2014.MorphB",""American Beetles" Arnett/ Thomas 2001","z9Nb0fxJczdmi0utaYua6PSPTHDIrAD9","/h2P7iNCFob6MrtXvZ/0KV0VExqkPzVY","Tribe: Lebiini",0
"401362D96E824EB49EE5757748DB5534","D15","ONAQ","ONAQ_008","W","2014-08-14","2015-04-14","2015-04-14","ONAQ_008.W.20140814.cc.01","NEON.BET.D15.000076","vial of pooled individuals",,,,,,"D15.2014.MorphB",""American Beetles" Arnett/ Thomas 2001","z9Nb0fxJczdmi0utaYua6PSPTHDIrAD9","/h2P7iNCFob6MrtXvZ/0KV0VExqkPzVY","Tribe: Lebiini",0
"7EE93E548D2E446BB05BB5107C2B95F9","D15","ONAQ","ONAQ_006","W","2014-08-14","2015-04-16","2015-04-16","ONAQ_006.W.20140814.oc.01","NEON.BET.D15.000182","vial of pooled individuals",,,,,,"D15.2014.MorphI",""American Beetles" Arnett/ Thomas 2001","z9Nb0fxJczdmi0utaYua6PSPTHDIrAD9","/h2P7iNCFob6MrtXvZ/0KV0VExqkPzVY","Tribe: Carabini",0
"89B4554EFEE24C9480F8E352B063A600","D15","ONAQ","ONAQ_006","S","2014-08-14","2015-04-16","2015-04-15","ONAQ_006.S.20140814.cc.01","NEON.BET.D15.000172","vial of pooled individuals",,,,,,"D15.2014.MorphB",""American Beetles" Arnett/Thomas","z9Nb0fxJczdmi0utaYua6PSPTHDIrAD9","/h2P7iNCFob6MrtXvZ/0KV0VExqkPzVY","Tribe: Lebiini",0
"DE3D2301D47E4C33849AC205D286A964","D15","ONAQ","ONAQ_006","E","2014-08-14","2015-04-16","2015-04-16","ONAQ_006.E.20140814.cc.01","NEON.BET.D15.000174","vial of pooled individuals",,,,,,"D15.2014.MorphB",""American Beetles" Arnett/Thomas","z9Nb0fxJczdmi0utaYua6PSPTHDIrAD9","/h2P7iNCFob6MrtXvZ/0KV0VExqkPzVY","Tribe: Lebiini",0
"BF8C86AFCAAF4A7D85D6399EECEE45E5","D15","ONAQ","ONAQ_006","S","2014-08-14","2015-04-16","2015-04-15","ONAQ_006.S.20140814.oc.02","NEON.BET.D15.000173","vial of pooled individuals",,,,,,"D15.2014.MorphI",""American Beetles" Arnett/Thomas","z9Nb0fxJczdmi0utaYua6PSPTHDIrAD9","/h2P7iNCFob6MrtXvZ/0KV0VExqkPzVY","Tribe: Carabini",0
"5E88AD5151F74497B5076AD4AE67865C","D15","ONAQ","ONAQ_006","S","2014-08-14","2015-04-16","2015-04-16","ONAQ_006.S.20140814.oc.02","NEON.BET.D15.000223","vial of pooled individuals",,,,,,"D15.2014.MorphI",""American Beetles" Arnett/ Thomas 2001","z9Nb0fxJczdmi0utaYua6PSPTHDIrAD9","/h2P7iNCFob6MrtXvZ/0KV0VExqkPzVY","Tribe: Carabini",0
"59DA5E0578DA4E39ABA26D52D5E662B7","D15","ONAQ","ONAQ_007","E","2014-08-14","2015-04-14","2015-04-14","ONAQ_007.E.20140814.oc.01","NEON.BET.D15.000079","vial of pooled individuals",,,,,,"D15.2014.MorphE",""American Beetles" Arnett/ Thomas 2001","z9Nb0fxJczdmi0utaYua6PSPTHDIrAD9","/h2P7iNCFob6MrtXvZ/0KV0VExqkPzVY","Tribe: Hairy Harpalini",0
"F70F41B8A81A4567A21AF853B7916B60","D15","ONAQ","ONAQ_005","S","2014-08-14","2015-04-16","2015-04-16","ONAQ_005.S.20140814.cc.01","NEON.BET.D15.000181","vial of pooled individuals",,,,,,"D15.2014.MorphB",""American Beetles" Arnett/ Thomas 2001","z9Nb0fxJczdmi0utaYua6PSPTHDIrAD9","/h2P7iNCFob6MrtXvZ/0KV0VExqkPzVY","Tribe: Lebiini",0
"48C57622A6A646A3A2A7B11E0948A198","D15","ONAQ","ONAQ_004","W","2014-08-14","2015-04-16","2015-04-16","ONAQ_004.W.20140814.oc.01","NEON.BET.D15.000178","vial of pooled individuals",,,,,,"D15.2014.MorphA",""American Beetles" Arnett/Thomas","z9Nb0fxJczdmi0utaYua6PSPTHDIrAD9","/h2P7iNCFob6MrtXvZ/0KV0VExqkPzVY","Tribe: Harpalini",0
"F94F4A05B3FC413AB4B2FEF321732385","D15","ONAQ","ONAQ_004","S","2014-08-14","2015-04-16","2015-04-16","ONAQ_004.S.20140814.cc.01","NEON.BET.D15.000179","vial of pooled individuals",,,,,,"D15.2014.MorphB",""American Beetles" Arnett/Thomas","z9Nb0fxJczdmi0utaYua6PSPTHDIrAD9","/h2P7iNCFob6MrtXvZ/0KV0VExqkPzVY","Tribe: Lebiini",0
"655AD6C345684C4FA7032C2C0A8A75B2","D15","ONAQ","ONAQ_004","N","2014-08-14","2015-04-16","2015-04-16","ONAQ_004.N.20140814.cc.01","NEON.BET.D15.000180","vial of pooled individuals",,,,,,"D15.2014.MorphB",""American Beetles" Arnett/Thomas","z9Nb0fxJczdmi0utaYua6PSPTHDIrAD9","/h2P7iNCFob6MrtXvZ/0KV0VExqkPzVY","Tribe: Lebiini",0
"3E0153212B90418F8822B3A8D7A872E7","D15","ONAQ","ONAQ_002","W","2014-08-14","2015-04-10","2015-04-10","ONAQ_002.W.20140814.oc.01","NEON.BET.D15.000001","vial of pooled individuals",,,,,,"D15.2014.MorphA",""American Beetles" Arnett/ Thomas 2001","z9Nb0fxJczdmi0utaYua6PSPTHDIrAD9","/h2P7iNCFob6MrtXvZ/0KV0VExqkPzVY","Tribe: Harpalini",0
"73C809D05A9D4C339FA126BED75FEE54","D15","ONAQ","ONAQ_003","S","2014-09-03","2015-04-14","2015-04-14","ONAQ_003.S.20140903.cc.01","NEON.BET.D15.000072","vial of pooled individuals",,,,,,"D15.2014.MorphC",""American Beetles" Arnett/ Thomas 2001","z9Nb0fxJczdmi0utaYua6PSPTHDIrAD9","/h2P7iNCFob6MrtXvZ/0KV0VExqkPzVY","Tribe: Zabrini",0
"39C84AA04C2D406D890C1B96DA1F28E0","D15","ONAQ","ONAQ_012","S","2014-09-03","2015-04-17","2015-04-17","ONAQ_012.S.20140903.oc.01","NEON.BET.D15.000219","vial of pooled individuals",,,,,,"D15.2014.MorphI",""American Beetles" Arnett/ Thomas 2001","z9Nb0fxJczdmi0utaYua6PSPTHDIrAD9","/h2P7iNCFob6MrtXvZ/0KV0VExqkPzVY","Tribe: Carabini",0
"733298A6CF09429FA928DC017C669915","D15","ONAQ","ONAQ_012","W","2014-09-03","2015-04-17","2015-04-17","ONAQ_012.W.20140903.cc.01","NEON.BET.D15.000218","vial of pooled individuals",,,,,,"D15.2014.MorphB",""American Beetles" Arnett/ Thomas 2001","z9Nb0fxJczdmi0utaYua6PSPTHDIrAD9","/h2P7iNCFob6MrtXvZ/0KV0VExqkPzVY","Tribe: Lebiini",0
"13EAA890D45740978E520EE38BD4F75C","D15","ONAQ","ONAQ_012","E","2014-09-03","2015-04-17","2015-04-17","ONAQ_012.E.20140903.cc.01","NEON.BET.D15.000217","vial of pooled individuals",,,,,,"D15.2014.MorphB",""American Beetles" Arnett/ Thomas 2001","z9Nb0fxJczdmi0utaYua6PSPTHDIrAD9","/h2P7iNCFob6MrtXvZ/0KV0VExqkPzVY","Tribe: Lebiini",0
"C0AACFC1784448E486B445022D21D604","D15","ONAQ","ONAQ_012","N","2014-09-03","2015-04-17","2015-04-17","ONAQ_012.N.20140903.cc.02","NEON.BET.D15.000216","vial of pooled individuals",,,,,,"D15.2014.MorphC",""American Beetles" Arnett/ Thomas 2001","z9Nb0fxJczdmi0utaYua6PSPTHDIrAD9","/h2P7iNCFob6MrtXvZ/0KV0VExqkPzVY","Tribe: Zabrini",0
"52968336F25E43F784766B0EDC6E217D","D15","ONAQ","ONAQ_012","N","2014-09-03","2015-04-17","2015-04-17","ONAQ_012.N.20140903.cc.01","NEON.BET.D15.000215","vial of pooled individuals",,,,,,"D15.2014.MorphB",""American Beetles" Arnett/ Thomas 2001","z9Nb0fxJczdmi0utaYua6PSPTHDIrAD9","/h2P7iNCFob6MrtXvZ/0KV0VExqkPzVY","Tribe: Lebiini",0
"110FCA3FBE5D4B8BADCCA888AD806951","D15","ONAQ","ONAQ_010","W","2014-09-03","2015-04-14","2015-04-14","ONAQ_010.W.20140903.cc.01","NEON.BET.D15.000115","vial of pooled individuals",,,,,,"D15.2014.MorphB",""American Beetles" Arnett/ Thomas 2001","z9Nb0fxJczdmi0utaYua6PSPTHDIrAD9","/h2P7iNCFob6MrtXvZ/0KV0VExqkPzVY","Tribe: Lebiini",0
"081D9A9532B249988A7D408237ED67ED","D15","ONAQ","ONAQ_010","W","2014-09-03","2015-04-14","2015-04-14","ONAQ_010.W.20140903.cc.01","NEON.BET.D15.000116","vial of pooled individuals",,,,,,"D15.2014.MorphB",""American Beetles" Arnett/ Thomas 2001","z9Nb0fxJczdmi0utaYua6PSPTHDIrAD9","/h2P7iNCFob6MrtXvZ/0KV0VExqkPzVY","Tribe: Lebiini",0
"18DEA87145B541ED85F7D406BC3B8301","D15","ONAQ","ONAQ_010","E","2014-09-03","2015-04-14","2015-04-16","ONAQ_010.E.20140903.oc.01","NEON.BET.D15.000117","vial of pooled individuals",,,,,,"D15.2014.MorphI",""American Beetles" Arnett/ Thomas 2001","z9Nb0fxJczdmi0utaYua6PSPTHDIrAD9","/h2P7iNCFob6MrtXvZ/0KV0VExqkPzVY","Tribe: Carabini",0
"54C5C2B8349F41F1970E5ABFCDE8ED6A","D15","ONAQ","ONAQ_010","W","2014-09-03","2015-04-14","2015-04-14","ONAQ_010.W.20140903.cc.01","NEON.BET.D15.000110","vial of pooled individuals",,,,,,"D15.2014.MorphB",""American Beetles" Arnett/ Thomas 2001","z9Nb0fxJczdmi0utaYua6PSPTHDIrAD9","/h2P7iNCFob6MrtXvZ/0KV0VExqkPzVY","Tribe Lebiini",0
"DA8BDCDA277B4538A9372FF414B19BAB","D15","ONAQ","ONAQ_010","W","2014-09-03","2015-04-14","2015-04-14","ONAQ_010.W.20140903.cc.01","NEON.BET.D15.000114","vial of pooled individuals",,,,,,"D15.2014.MorphB",""American Beetles" Arnett/ Thomas 2001","z9Nb0fxJczdmi0utaYua6PSPTHDIrAD9","/h2P7iNCFob6MrtXvZ/0KV0VExqkPzVY","Tribe: Lebiini",0
"9552E3BC370E4066A990900E9394C7E7","D15","ONAQ","ONAQ_010","W","2014-09-03","2015-04-14","2015-04-14","ONAQ_010.W.20140903.cc.01","NEON.BET.D15.000113","vial of pooled individuals",,,,,,"D15.2014.MorphB",""American Beetles" Arnett/ Thomas 2001","z9Nb0fxJczdmi0utaYua6PSPTHDIrAD9","/h2P7iNCFob6MrtXvZ/0KV0VExqkPzVY","Tribe: Lebiini",0
"467C3815EB884D2DA571CE1CBFC5A37D","D15","ONAQ","ONAQ_010","W","2014-09-03","2015-04-14","2015-04-14","ONAQ_010.W.20140903.cc.01","NEON.BET.D15.000112","vial of pooled individuals",,,,,,"D15.2014.MorphB",""American Beetles" Arnett/ Thomas 2001","z9Nb0fxJczdmi0utaYua6PSPTHDIrAD9","/h2P7iNCFob6MrtXvZ/0KV0VExqkPzVY","Tribe: Lebiini",0
"8A09EC577AC84FF18717E8010CA74830","D15","ONAQ","ONAQ_010","W","2014-09-03","2015-04-14","2015-04-14","ONAQ_010.W.20140903.cc.01","NEON.BET.D15.000111","vial of pooled individuals",,,,,,"D15.2014.MorphB",""American Beetles" Arnett/ Thomas 2001","z9Nb0fxJczdmi0utaYua6PSPTHDIrAD9","/h2P7iNCFob6MrtXvZ/0KV0VExqkPzVY","Tribe: Lebiini",0
"07CA3014C0564D5F8971DDC4B4D45F3B","D15","ONAQ","ONAQ_010","W","2014-09-03","2015-04-14","2015-04-14","ONAQ_010.W.20140903.cc.01","NEON.BET.D15.000109","vial of pooled individuals",,,,,,"D15.2014.MorphB",""American Beetles" Arnett/ Thomas 2001","z9Nb0fxJczdmi0utaYua6PSPTHDIrAD9","/h2P7iNCFob6MrtXvZ/0KV0VExqkPzVY","Tribe: Lebiini",0
"7CD29568754E4E24B712D6662E84B785","D15","ONAQ","ONAQ_010","S","2014-09-03","2015-04-14","2015-04-14","ONAQ_010.S.20140903.cc.01","NEON.BET.D15.000103","vial of pooled individuals",,,,,,"D15.2014.MorphC",""American Beetles" Arnett/ Thomas 2001","z9Nb0fxJczdmi0utaYua6PSPTHDIrAD9","/h2P7iNCFob6MrtXvZ/0KV0VExqkPzVY","Tribe: Zabrini",0
"018507B0AE7845F99386CFC16A40403F","D15","ONAQ","ONAQ_010","N","2014-09-03","2015-04-17","2015-04-17","ONAQ_010.N.20140903.cc.01","NEON.BET.D15.000214","vial of pooled individuals",,,,,,"D15.2014.MorphB",""American Beetles" Arnett/ Thomas 2001","z9Nb0fxJczdmi0utaYua6PSPTHDIrAD9","/h2P7iNCFob6MrtXvZ/0KV0VExqkPzVY","Tribe: Lebiini",0
"F65CF8652810468B9CB266BD708408D7","D15","ONAQ","ONAQ_010","W","2014-09-03","2015-04-17","2015-04-17","ONAQ_010.W.20140903.cc.01","NEON.BET.D15.000211","vial of pooled individuals",,,,,,"D15.2014.MorphB",""American Beetles" Arnett/ Thomas 2001","z9Nb0fxJczdmi0utaYua6PSPTHDIrAD9","/h2P7iNCFob6MrtXvZ/0KV0VExqkPzVY","Tribe: Lebiini",0
"55896667864D44709977334068119E6C","D15","ONAQ","ONAQ_010","E","2014-09-03","2015-04-17","2015-04-17","ONAQ_010.E.20140903.cc.01","NEON.BET.D15.000212","vial of pooled individuals",,,,,,"D15.2014.MorphB",""American Beetles" Arnett/ Thomas 2001","z9Nb0fxJczdmi0utaYua6PSPTHDIrAD9","/h2P7iNCFob6MrtXvZ/0KV0VExqkPzVY","Tribe: Lebiini",0
"A0CC4BE4226449AB851FB291812B432E","D15","ONAQ","ONAQ_010","S","2014-09-03","2015-04-17","2015-04-17","ONAQ_010.S.20140903.cc.01","NEON.BET.D15.000213","vial of pooled individuals",,,,,,"D15.2014.MorphB",""American Beetles" Arnett/ Thomas 2001","z9Nb0fxJczdmi0utaYua6PSPTHDIrAD9","/h2P7iNCFob6MrtXvZ/0KV0VExqkPzVY","Tribe: Lebiini",0
"7CD60E5E3BE049E781503DF6F02A5D5F","D15","ONAQ","ONAQ_009","W","2014-09-03","2015-04-16","2015-04-16","ONAQ_009.W.20140903.cc.01","NEON.BET.D15.000199","vial of pooled individuals",,,,,,"D15.2014.MorphC",""American Beetles" Arnett/ Thomas 2001","z9Nb0fxJczdmi0utaYua6PSPTHDIrAD9","/h2P7iNCFob6MrtXvZ/0KV0VExqkPzVY","Tribe: Zabrini",0
"EA4C17CAA6F6412697EB3F1C1A6256A8","D15","ONAQ","ONAQ_009","W","2014-09-03","2015-04-16","2015-04-16","ONAQ_009.W.20140903.cc.02","NEON.BET.D15.000198","vial of pooled individuals",,,,,,"D15.2014.MorphB",""American Beetles" Arnett/ Thomas 2001","z9Nb0fxJczdmi0utaYua6PSPTHDIrAD9","/h2P7iNCFob6MrtXvZ/0KV0VExqkPzVY","Tribe: Lebiini",0
"8BCCA6F036CF44418F6E3AC132B347E8","D15","ONAQ","ONAQ_009","N","2014-09-03","2015-04-17","2015-04-17","ONAQ_009.N.20140903.cc.01","NEON.BET.D15.000208","vial of pooled individuals",,,,,,"D15.2014.MorphC",""American Beetles" Arnett/ Thomas 2001","z9Nb0fxJczdmi0utaYua6PSPTHDIrAD9","/h2P7iNCFob6MrtXvZ/0KV0VExqkPzVY","Tribe: Zabrini",0
"6F27349686E14C3096FB2AE4B2AD81CA","D15","ONAQ","ONAQ_009","E","2014-09-03","2015-04-17","2015-04-17","ONAQ_009.E.20140903.oc.01","NEON.BET.D15.000207","vial of pooled individuals",,,,,,"D15.2014.MorphG",""American Beetles" Arnett/ Thomas 2001","z9Nb0fxJczdmi0utaYua6PSPTHDIrAD9","/h2P7iNCFob6MrtXvZ/0KV0VExqkPzVY","Tribe: Lebiini",0
"CCC7D962727C4751B949BE07277A3A3C","D15","ONAQ","ONAQ_009","N","2014-09-03","2015-04-17","2015-04-17","ONAQ_009.N.20140903.cc.02","NEON.BET.D15.000209","vial of pooled individuals",,,,,,"D15.2014.MorphB",""American Beetles" Arnett/ Thomas 2001","z9Nb0fxJczdmi0utaYua6PSPTHDIrAD9","/h2P7iNCFob6MrtXvZ/0KV0VExqkPzVY","Tribe: Lebiini",0
"5D67906BE1CF4E0CAA7CA2699B8F237A","D15","ONAQ","ONAQ_009","S","2014-09-03","2015-04-17","2015-04-17","ONAQ_009.S.20140903.cc.01","NEON.BET.D15.000204","vial of pooled individuals",,,,,,"D15.2014.MorphC",""American Beetles" Arnett/ Thomas 2001","z9Nb0fxJczdmi0utaYua6PSPTHDIrAD9","/h2P7iNCFob6MrtXvZ/0KV0VExqkPzVY","Tribe: Zabrini",0
"BBDA4E5937A04E2EAC95F7AFA63323ED","D15","ONAQ","ONAQ_009","S","2014-09-03","2015-04-17","2015-04-17","ONAQ_009.S.20140903.cc.02","NEON.BET.D15.000203","vial of pooled individuals",,,,,,"D15.2014.MorphB",""American Beetles" Arnett/ Thomas 2001","z9Nb0fxJczdmi0utaYua6PSPTHDIrAD9","/h2P7iNCFob6MrtXvZ/0KV0VExqkPzVY","Tribe: Lebiini",0
"FFACC88CEFEF4A28995668310D44C12F","D15","ONAQ","ONAQ_009","E","2014-09-03","2015-04-17","2015-04-17","ONAQ_009.E.20140903.cc.02","NEON.BET.D15.000206","vial of pooled individuals",,,,,,"D15.2014.MorphB",""American Beetles" Arnett/ Thomas 2001","z9Nb0fxJczdmi0utaYua6PSPTHDIrAD9","/h2P7iNCFob6MrtXvZ/0KV0VExqkPzVY","Tribe:Lebini",0
"81582F163F704B9986337ABC7BD291B1","D15","ONAQ","ONAQ_009","E","2014-09-03","2015-04-17","2015-04-17","ONAQ_009.E.20140903.cc.01","NEON.BET.D15.000205","vial of pooled individuals",,,,,,"D15.2014.MorphC",""American Beetles" Arnett/ Thomas 2001","z9Nb0fxJczdmi0utaYua6PSPTHDIrAD9","/h2P7iNCFob6MrtXvZ/0KV0VExqkPzVY","Tribe: Zabrini",0
"AFD99452D7D44FB1A49F020A36E0B6B5","D15","ONAQ","ONAQ_009","N","2014-09-03","2015-04-17","2015-04-17","ONAQ_009.N.20140903.oc.01","NEON.BET.D15.000210","vial of pooled individuals",,,,,,"D15.2014.MorphA",""American Beetles" Arnett/ Thomas 2001","z9Nb0fxJczdmi0utaYua6PSPTHDIrAD9","/h2P7iNCFob6MrtXvZ/0KV0VExqkPzVY","Tribe: Harpalini",0
"CD5318FDC3D04E028C02328CC8A10C20","D15","ONAQ","ONAQ_008","S","2014-09-03","2015-04-14","2015-04-14","ONAQ_008.S.20140903.cc.01","NEON.BET.D15.000089","vial of pooled individuals",,,,,,"D15.2014.MorphB",""American Beetles" Arnett/ Thomas 2001","z9Nb0fxJczdmi0utaYua6PSPTHDIrAD9","/h2P7iNCFob6MrtXvZ/0KV0VExqkPzVY","Tribe: Lebiini",0
"3E768AE83BFA4FF19305A466FE46DEF1","D15","ONAQ","ONAQ_008","S","2014-09-03","2015-04-14","2015-04-14","ONAQ_008.S.20140903.cc.01","NEON.BET.D15.000088","vial of pooled individuals",,,,,,"D15.2014.MorphB",""American Beetles" Arnett/ Thomas 2001","z9Nb0fxJczdmi0utaYua6PSPTHDIrAD9","/h2P7iNCFob6MrtXvZ/0KV0VExqkPzVY","Tribe: Lebiini",0
"446AEEB84B4D433BB18D5951D03CA04A","D15","ONAQ","ONAQ_008","S","2014-09-03","2015-04-14","2015-04-14","ONAQ_008.S.20140903.cc","NEON.BET.D15.000087","vial of pooled individuals",,,,,,"D15.2014.MorphB",""American Beetles" Arnett/ Thomas 2001","z9Nb0fxJczdmi0utaYua6PSPTHDIrAD9","/h2P7iNCFob6MrtXvZ/0KV0VExqkPzVY","Tribe: Lebiini",0
"B534A11B9E0D4373B3F82F1A1B90E478","D15","ONAQ","ONAQ_008","S","2014-09-03","2015-04-14","2015-04-14","ONAQ_008.S.20140903.cc.01","NEON.BET.D15.000086","vial of pooled individuals",,,,,,"D15.2014.MorphB",""American Beetles" Arnett/ Thomas 2001","z9Nb0fxJczdmi0utaYua6PSPTHDIrAD9","/h2P7iNCFob6MrtXvZ/0KV0VExqkPzVY","Tribe: Lebiini",0
"D3641759F6A248A295B4BF10E16AF5F0","D15","ONAQ","ONAQ_008","S","2014-09-03","2015-04-14","2015-04-14","ONAQ_008.S.20140903.cc.01","NEON.BET.D15.000085","vial of pooled individuals",,,,,,"D15.2014.MorphB",""American Beetles" Arnett/ Thomas 2001","z9Nb0fxJczdmi0utaYua6PSPTHDIrAD9","/h2P7iNCFob6MrtXvZ/0KV0VExqkPzVY","Tribe: Lebiini",0
"CA8248D0B31D4978A05C73D67A6BB568","D15","ONAQ","ONAQ_008","S","2014-09-03","2015-04-14","2015-04-14","ONAQ_008.S.20140903.cc.01","NEON.BET.D15.000084","vial of pooled individuals",,,,,,"D15.2014.MorphB",""American Beetles" Arnett/ Thomas 2001","z9Nb0fxJczdmi0utaYua6PSPTHDIrAD9","/h2P7iNCFob6MrtXvZ/0KV0VExqkPzVY","Tribe: Lebiini",0
"EDDC1DC50BFD47398C070D5F8EA752A4","D15","ONAQ","ONAQ_008","S","2014-09-03","2015-04-14","2015-04-14","ONAQ_008.S.20140903.cc.01","NEON.BET.D15.000083","vial of pooled individuals",,,,,,"D15.2014.MorphB",""American Beetles" Arnett/ Thomas 2001","z9Nb0fxJczdmi0utaYua6PSPTHDIrAD9","/h2P7iNCFob6MrtXvZ/0KV0VExqkPzVY","Tribe: Lebiini",0
"F1B4E403E769447FB923157EDA47567E","D15","ONAQ","ONAQ_008","S","2014-09-03","2015-04-14","2015-04-14","ONAQ_008.S.20140903.cc.01","NEON.BET.D15.000082","vial of pooled individuals",,,,,,"D15.2014.MorphB",""American Beetles" Arnett/ Thomas 2001","z9Nb0fxJczdmi0utaYua6PSPTHDIrAD9","/h2P7iNCFob6MrtXvZ/0KV0VExqkPzVY","Tribe: Lebiini",0
"6693E592709B464F9D710FA0952FEA21","D15","ONAQ","ONAQ_008","S","2014-09-03","2015-04-14","2015-04-14","ONAQ_008.S.20140903.cc.01","NEON.BET.D15.000081","vial of pooled individuals",,,,,,"D15.2014.MorphB",""American Beetles" Arnett/ Thomas 2001","z9Nb0fxJczdmi0utaYua6PSPTHDIrAD9","/h2P7iNCFob6MrtXvZ/0KV0VExqkPzVY","Tribe: Lebiini",0
"2D9546843AD24DC98EF107230C860B3C","D15","ONAQ","ONAQ_006","W","2014-09-03","2015-04-16","2015-04-16","ONAQ_006.W.20140903.cc.01","NEON.BET.D15.000194","vial of pooled individuals",,,,,,"D15.2014.MorphB",""American Beetles" Arnett/ Thomas 2001","z9Nb0fxJczdmi0utaYua6PSPTHDIrAD9","/h2P7iNCFob6MrtXvZ/0KV0VExqkPzVY","Tribe: Lebiini",0
"6F4D616E723D4A2CA6477C3AB518E3C3","D15","ONAQ","ONAQ_006","E","2014-09-03","2015-04-16","2015-04-16","ONAQ_006.E.20140903.cc.01","NEON.BET.D15.000196","vial of pooled individuals",,,,,,"D15.2014.MorphB",""American Beetles" Arnett/ Thomas 2001","z9Nb0fxJczdmi0utaYua6PSPTHDIrAD9","/h2P7iNCFob6MrtXvZ/0KV0VExqkPzVY","Tribe: Lebiini",0
"99CBABE1E00F4E1FABC6582B2D55DD64","D15","ONAQ","ONAQ_006","W","2014-09-03","2015-04-16","2015-04-16","ONAQ_006.W.20140903.oc.01","NEON.BET.D15.000195","vial of pooled individuals",,,,,,"D15.2014.MorphI",""American Beetles" Arnett/ Thomas 2001","z9Nb0fxJczdmi0utaYua6PSPTHDIrAD9","/h2P7iNCFob6MrtXvZ/0KV0VExqkPzVY","Tribe: Carabini",0
"165568E8C5D84BF5868D8445F7A47C5A","D15","ONAQ","ONAQ_006","N","2014-09-03","2015-04-16","2015-04-16","ONAQ_006.N.20140903.cc.01","NEON.BET.D15.000197","vial of pooled individuals",,,,,,"D15.2014.MorphB",""American Beetles" Arnett/ Thomas 2001","z9Nb0fxJczdmi0utaYua6PSPTHDIrAD9","/h2P7iNCFob6MrtXvZ/0KV0VExqkPzVY","Tribe: Lebiini",0
"8E14D475EA6648A197927C0CFC22BA42","D15","ONAQ","ONAQ_006","S","2014-09-03","2015-04-17","2015-04-17","ONAQ_006.S.20140903.oc.01","NEON.BET.D15.000202","vial of pooled individuals",,,,,,"D15.2014.MorphD",""American Beetles" Arnett/ Thomas 2001","z9Nb0fxJczdmi0utaYua6PSPTHDIrAD9","/h2P7iNCFob6MrtXvZ/0KV0VExqkPzVY","Tribe: Carabini",0
"18DDECF887334FB28F3B74F488AD83ED","D15","ONAQ","ONAQ_006","S","2014-09-03","2015-04-17","2015-04-17","ONAQ_006.S.20140903.oc.01","NEON.BET.D15.000201","vial of pooled individuals",,,,,,"D15.2014.MorphD",""American Beetles" Arnett/ Thomas 2001","z9Nb0fxJczdmi0utaYua6PSPTHDIrAD9","/h2P7iNCFob6MrtXvZ/0KV0VExqkPzVY","Tribe: Carabini",0
"9993ACDDAC3F48C5981CFCE7848D875C","D15","ONAQ","ONAQ_006","S","2014-09-03","2015-04-16","2015-04-16","ONAQ_006.S.20140903.cc.01","NEON.BET.D15.000200","vial of pooled individuals",,,,,,"D15.2014.MorphB",""American Beetles" Arnett/ Thomas 2001","z9Nb0fxJczdmi0utaYua6PSPTHDIrAD9","/h2P7iNCFob6MrtXvZ/0KV0VExqkPzVY","Tribe: Lebiini",0
"1F3998A4A73C4956BD4BAF5FD660DFAD","D15","ONAQ","ONAQ_007","W","2014-09-03","2015-04-14","2015-04-14","ONAQ_007.W.20140903.cc.01","NEON.BET.D15.000090","vial of pooled individuals",,,,,,"D15.2014.MorphC",""American Beetles" Arnett/ Thomas 2001","z9Nb0fxJczdmi0utaYua6PSPTHDIrAD9","/h2P7iNCFob6MrtXvZ/0KV0VExqkPzVY","Tribe: Zabrini",0
"CBA05F460FB64C79B0BD23A16E284210","D15","ONAQ","ONAQ_007","W","2014-09-03","2015-04-14","2015-04-14","ONAQ_007.W.20140903.cc.01","NEON.BET.D15.000091","vial of pooled individuals",,,,,,"D15.2014.MorphC",""American Beetles" Arnett/ Thomas 2001","z9Nb0fxJczdmi0utaYua6PSPTHDIrAD9","/h2P7iNCFob6MrtXvZ/0KV0VExqkPzVY","Tribe: Zabrini",0
"1AF36186458D4813B8366809F386C1A7","D15","ONAQ","ONAQ_007","W","2014-09-03","2015-04-14","2015-04-14","ONAQ_007.W.20140903.cc.01","NEON.BET.D15.000094","vial of pooled individuals",,,,,,"D15.2014.MorphC",""American Beetles" Arnett/ Thomas 2001","z9Nb0fxJczdmi0utaYua6PSPTHDIrAD9","/h2P7iNCFob6MrtXvZ/0KV0VExqkPzVY","Tribe: Zabrini",0
"4EE0FF7236BE4CA8911682059492CB35","D15","ONAQ","ONAQ_007","N","2014-09-03","2015-04-14","2015-04-14","ONAQ_007.N.20140903.cc.01","NEON.BET.D15.000095","vial of pooled individuals",,,,,,"D15.2014.MorphC",""American Beetles" Arnett/ Thomas 2001","z9Nb0fxJczdmi0utaYua6PSPTHDIrAD9","/h2P7iNCFob6MrtXvZ/0KV0VExqkPzVY","Tribe: Zabrini",0
"66E492B032A041B0AB95E6BF4E40E073","D15","ONAQ","ONAQ_007","W","2014-09-03","2015-04-14","2015-04-14","ONAQ_007.W.20140903.cc.01","NEON.BET.D15.000092","vial of pooled individuals",,,,,,"D15.2014.MorphC",""American Beetles" Arnett/ Thomas 2001","z9Nb0fxJczdmi0utaYua6PSPTHDIrAD9","/h2P7iNCFob6MrtXvZ/0KV0VExqkPzVY","Tribe: Zabrini",0
"FBAD6C881AFA427A8007EB0E8C6B0601","D15","ONAQ","ONAQ_007","W","2014-09-03","2015-04-14","2015-04-14","ONAQ_007.W.20140903.cc.01","NEON.BET.D15.000093","vial of pooled individuals",,,,,,"D15.2014.MorphC",""American Beetles" Arnett/ Thomas 2001","z9Nb0fxJczdmi0utaYua6PSPTHDIrAD9","/h2P7iNCFob6MrtXvZ/0KV0VExqkPzVY","Tribe: Zabrini",0
"07309FE45D554CA699EB70B4976B8BB3","D15","ONAQ","ONAQ_007","N","2014-09-03","2015-04-14","2015-04-14","ONAQ_007.N.20140903.cc.01","NEON.BET.D15.000098","vial of pooled individuals",,,,,,"D15.2014.MorphC",""American Beetles" Arnett/ Thomas 2001","z9Nb0fxJczdmi0utaYua6PSPTHDIrAD9","/h2P7iNCFob6MrtXvZ/0KV0VExqkPzVY","Tribe: Zabrini",0
"DA709CDC121F42BCB48BBFE8E016DC5C","D15","ONAQ","ONAQ_007","W","2014-09-03","2015-04-14","2015-04-14","ONAQ_007.W.20140903.cc.01","NEON.BET.D15.000099","vial of pooled individuals",,,,,,"D15.2014.MorphC",""American Beetles" Arnett/ Thomas 2001","z9Nb0fxJczdmi0utaYua6PSPTHDIrAD9","/h2P7iNCFob6MrtXvZ/0KV0VExqkPzVY","Tribe: Zabrini",0
"48031C267FA240CDA143474B8791BE1A","D15","ONAQ","ONAQ_007","N","2014-09-03","2015-04-14","2015-04-14","ONAQ_007.N.20140903.cc.01","NEON.BET.D15.000096","vial of pooled individuals",,,,,,"D15.2014.MorphC",""American Beetles" Arnett/ Thomas 2001","z9Nb0fxJczdmi0utaYua6PSPTHDIrAD9","/h2P7iNCFob6MrtXvZ/0KV0VExqkPzVY","Tribe: Zabrini",0
"85A98DB7A3FC45D6A4F3DD3CBE6086CC","D15","ONAQ","ONAQ_007","N","2014-09-03","2015-04-14","2015-04-14","ONAQ_007.N.20140903.cc.01","NEON.BET.D15.000097","vial of pooled individuals",,,,,,"D15.2014.MorphC",""American Beetles" Arnett/ Thomas 2001","z9Nb0fxJczdmi0utaYua6PSPTHDIrAD9","/h2P7iNCFob6MrtXvZ/0KV0VExqkPzVY","Tribe: Zabrini",0
"6B9F7BA047694E1FA9D299D6C8280FCB","D15","ONAQ","ONAQ_007","N","2014-09-03","2015-04-14","2015-04-14","ONAQ_007.N.20140903.oc.01","NEON.BET.D15.000080","vial of pooled individuals",,,,,,"D15.2014.MorphA",""American Beetles" Arnett/ Thomas 2001","z9Nb0fxJczdmi0utaYua6PSPTHDIrAD9","/h2P7iNCFob6MrtXvZ/0KV0VExqkPzVY","Tribe: Harpalini",0
"874A73192594424FB28AA102B275D7D1","D15","ONAQ","ONAQ_005","N","2014-09-03","2015-04-14","2015-04-14","ONAQ_005.N.20140903.cc.01","NEON.BET.D15.000059","vial of pooled individuals",,,,,,"D15.2014.MorphB",""American Beetles" Arnett/ Thomas 2001","z9Nb0fxJczdmi0utaYua6PSPTHDIrAD9","/h2P7iNCFob6MrtXvZ/0KV0VExqkPzVY","Tribe: Lebiini",0
"28CA0056EC1244028201C16DF1E09E14","D15","ONAQ","ONAQ_005","W","2014-09-03","2015-04-14","2015-04-14","ONAQ_005.W.20140903.cc.01","NEON.BET.D15.000058","vial of pooled individuals",,,,,,"D15.2014.MorphC",""American Beetles" Arnett/ Thomas 2001","z9Nb0fxJczdmi0utaYua6PSPTHDIrAD9","/h2P7iNCFob6MrtXvZ/0KV0VExqkPzVY","Tribe: Zabrini",0
"193FF29A10804ED386A4B38D0CA280DD","D15","ONAQ","ONAQ_005","W","2014-09-03","2015-04-14","2015-04-14","ONAQ_005.W.20140903.cc.01","NEON.BET.D15.000061","vial of pooled individuals",,,,,,"D15.2014.MorphB",""American Beetles" Arnett/ Thomas 2001","z9Nb0fxJczdmi0utaYua6PSPTHDIrAD9","/h2P7iNCFob6MrtXvZ/0KV0VExqkPzVY","Tribe: Lebiini",0
"BDCC44DBC5B74123B524F56C8797A5E0","D15","ONAQ","ONAQ_005","N","2014-09-03","2015-04-14","2015-04-14","ONAQ_005.N.20140903.cc.01","NEON.BET.D15.000060","vial of pooled individuals",,,,,,"D15.2014.MorphB",""American Beetles" Arnett/ Thomas 2001","z9Nb0fxJczdmi0utaYua6PSPTHDIrAD9","/h2P7iNCFob6MrtXvZ/0KV0VExqkPzVY","Tribe: Lebiini",0
"4F357A12ECD5411FBBAF4173E3277BBF","D15","ONAQ","ONAQ_004","E","2014-09-03","2015-04-16","2015-04-16","ONAQ_004.E.20140903.cc.02","NEON.BET.D15.000192","vial of pooled individuals",,,,,,"D15.2014.MorphC",""American Beetles" Arnett/ Thomas 2001","z9Nb0fxJczdmi0utaYua6PSPTHDIrAD9","/h2P7iNCFob6MrtXvZ/0KV0VExqkPzVY","Tribe: Zabrini",0
"BE130B4927124F13B55EB4798E7687D4","D15","ONAQ","ONAQ_004","E","2014-09-03","2015-04-16","2015-04-16","ONAQ_004.E.20140903..cc.01","NEON.BET.D15.000191","vial of pooled individuals",,,,,,"D15.2014.MorphB",""American Beetles" Arnett/ Thomas 2001","z9Nb0fxJczdmi0utaYua6PSPTHDIrAD9","/h2P7iNCFob6MrtXvZ/0KV0VExqkPzVY","Tribe:Lebiini",0
"852848AA58F84FA7952DE59494BC4DF4","D15","ONAQ","ONAQ_004","E","2014-09-03","2015-04-16","2015-04-16","ONAQ_004.E.20140903.oc.01","NEON.BET.D15.000193","vial of pooled individuals",,,,,,"D15.2014.MorphF",""American Beetles" Arnett/ Thomas 2001","z9Nb0fxJczdmi0utaYua6PSPTHDIrAD9","/h2P7iNCFob6MrtXvZ/0KV0VExqkPzVY","Tribe: Harpalini",0
"309F8AD439E647939ADA01E95BC50145","D15","ONAQ","ONAQ_004","S","2014-09-03","2015-04-16","2015-04-16","ONAQ_004.S.20140903.cc.01","NEON.BET.D15.000190","vial of pooled individuals",,,,,,"D15.2014.MorphC",""American Beetles" Arnett/ Thomas 2001","z9Nb0fxJczdmi0utaYua6PSPTHDIrAD9","/h2P7iNCFob6MrtXvZ/0KV0VExqkPzVY","Tribe: Zabrini",0
"8E0AD1BA61934AF697E1CE900450B3D6","D15","ONAQ","ONAQ_004","W","2014-09-03","2015-04-16","2015-04-16","ONAQ_004.W.20140903.cc.01","NEON.BET.D15.000187","vial of pooled individuals",,,,,,"D15.2014.MorphB",""American Beetles" Arnett/ Thomas 2001","z9Nb0fxJczdmi0utaYua6PSPTHDIrAD9","/h2P7iNCFob6MrtXvZ/0KV0VExqkPzVY","Tribe: Lebiini",0
"B6308C3AC6A14A24AEAC0D7AB7F6975D","D15","ONAQ","ONAQ_004","N","2014-09-03","2015-04-16","2015-04-16","ONAQ_004.N.20140903.oc.01","NEON.BET.D15.000186","vial of pooled individuals",,,,,,"D15.2014.MorphE",""American Beetles" Arnett/ Thomas 2001","z9Nb0fxJczdmi0utaYua6PSPTHDIrAD9","/h2P7iNCFob6MrtXvZ/0KV0VExqkPzVY","Tribe: Harpalini",0
"B5A7847F44FD46D682B4D729E26FC660","D15","ONAQ","ONAQ_004","N","2014-09-03","2015-04-16","2015-04-16","ONAQ_004.N.20140903.cc.02","NEON.BET.D15.000185","vial of pooled individuals",,,,,,"D15.2014.MorphC",""American Beetles" Arnett/ Thomas 2001","z9Nb0fxJczdmi0utaYua6PSPTHDIrAD9","/h2P7iNCFob6MrtXvZ/0KV0VExqkPzVY","Tribe: Zabrini",0
"93BFF2D7B56F4FAF97230327B9E8A44D","D15","ONAQ","ONAQ_004","N","2014-09-03","2015-04-16","2015-04-16","ONAQ_004.N.20140903.cc.01","NEON.BET.D15.000184","vial of pooled individuals",,,,,,"D15.2014.MorphB",""American Beetles" Arnett/ Thomas 2001","z9Nb0fxJczdmi0utaYua6PSPTHDIrAD9","/h2P7iNCFob6MrtXvZ/0KV0VExqkPzVY","Tribe:Lebiini",0
"2B00109762F24CD4812A04512DC919CD","D15","ONAQ","ONAQ_004","S","2014-09-03","2015-04-16","2015-04-16","ONAQ_004.S.20140903.cc.01","NEON.BET.D15.000189","vial of pooled individuals",,,,,,"D15.2014.MorphB",""American Beetles" Arnett/ Thomas 2001","z9Nb0fxJczdmi0utaYua6PSPTHDIrAD9","/h2P7iNCFob6MrtXvZ/0KV0VExqkPzVY","Tribe: Lebiini",0
"A3959A8796CB46989420C3FA52EE0B5E","D15","ONAQ","ONAQ_004","W","2014-09-03","2015-04-16","2015-04-16","ONAQ_004.W.20140903.cc.02","NEON.BET.D15.000188","vial of pooled individuals",,,,,,"D15.2014.MorphC",""American Beetles" Arnett/ Thomas 2001","z9Nb0fxJczdmi0utaYua6PSPTHDIrAD9","/h2P7iNCFob6MrtXvZ/0KV0VExqkPzVY","Tribe: Lebiini",0
"5DEE66C5BA4C4700A70A2345187F7240","D15","ONAQ","ONAQ_003","S","2014-09-03","2015-04-14","2015-04-14","ONAQ_003.S.20140903.cc.01","NEON.BET.D15.000073","vial of pooled individuals",,,,,,"D15.2014.MorphC",""American Beetles" Arnett/ Thomas 2001","z9Nb0fxJczdmi0utaYua6PSPTHDIrAD9","/h2P7iNCFob6MrtXvZ/0KV0VExqkPzVY","Tribe: Zabrini",0
"30A6ECDA81C4487984D148D5FEA993A3","D15","ONAQ","ONAQ_002","W","2014-09-11","2015-04-13","2015-04-13","ONAQ_002.W.20140911.cc.01","NEON.BET.D15.000042","vial of pooled individuals",,,,,,"D15.2014.MorphC",""American Beetles" Arnett/ Thomas 2001","z9Nb0fxJczdmi0utaYua6PSPTHDIrAD9","/h2P7iNCFob6MrtXvZ/0KV0VExqkPzVY","Tribe: Zabrini",0
"D8D12DF79FFC4E98B6E549905A65D5FA","D15","ONAQ","ONAQ_002","W","2014-09-11","2015-04-13","2015-04-13","ONAQ_002.W.20140911.cc.01","NEON.BET.D15.000041","vial of pooled individuals",,,,,,"D15.2014.MorphC",""American Beetles" Arnett/ Thomas 2001","z9Nb0fxJczdmi0utaYua6PSPTHDIrAD9","/h2P7iNCFob6MrtXvZ/0KV0VExqkPzVY","Tribe: Zabrini",0
"C0025D6556894882AC38A33F359FF87E","D15","ONAQ","ONAQ_002","S","2014-09-11","2015-04-13","2015-04-13","ONAQ_002.S.20140911.cc.01","NEON.BET.D15.000044","vial of pooled individuals",,,,,,"D15.2014.MorphC",""American Beetles" Arnett/ Thomas 2001","z9Nb0fxJczdmi0utaYua6PSPTHDIrAD9","/h2P7iNCFob6MrtXvZ/0KV0VExqkPzVY","Tribe: Zabrini",0
"5D1D738E470542A4A70093ED45FA038E","D15","ONAQ","ONAQ_002","W","2014-09-11","2015-04-13","2015-04-13","ONAQ_002.W.20140911.cc.01","NEON.BET.D15.000043","vial of pooled individuals",,,,,,"D15.2014.MorphC",""American Beetles" Arnett/ Thomas 2001","z9Nb0fxJczdmi0utaYua6PSPTHDIrAD9","/h2P7iNCFob6MrtXvZ/0KV0VExqkPzVY","Tribe: Zabrini",0
"634374C510D942ABAB35AE9739A9A5A3","D15","ONAQ","ONAQ_002","S","2014-09-11","2015-04-13","2015-04-13","ONAQ_002.S.20140911.cc.01","NEON.BET.D15.000046","vial of pooled individuals",,,,,,"D15.2014.MorphC",""American Beetles" Arnett/ Thomas 2001","z9Nb0fxJczdmi0utaYua6PSPTHDIrAD9","/h2P7iNCFob6MrtXvZ/0KV0VExqkPzVY","Tribe: Zabrini",0
"AF2159A753C2451ABE8C154DDEF6474D","D15","ONAQ","ONAQ_002","S","2014-09-11","2015-04-13","2015-04-13","ONAQ_002.S.20140911.cc.01","NEON.BET.D15.000045","vial of pooled individuals",,,,,,"D15.2014.MorphC",""American Beetles" Arnett/ Thomas 2001","z9Nb0fxJczdmi0utaYua6PSPTHDIrAD9","/h2P7iNCFob6MrtXvZ/0KV0VExqkPzVY","Tribe: Zabrini",0
"57914168CF2B42C9B15B875480868E67","D15","ONAQ","ONAQ_002","S","2014-09-11","2015-04-13","2015-04-13","ONAQ_002.S.20140911.cc.01","NEON.BET.D15.000048","vial of pooled individuals",,,,,,"D15.2014.MorphC",""American Beetles" Arnett/ Thomas 2001","z9Nb0fxJczdmi0utaYua6PSPTHDIrAD9","/h2P7iNCFob6MrtXvZ/0KV0VExqkPzVY","Tribe: Zabrini",0
"0E7B885A33314B81BC0C3EE8B0A4EFCB","D15","ONAQ","ONAQ_002","S","2014-09-11","2015-04-13","2015-04-13","ONAQ_002.S.20140911.cc.01","NEON.BET.D15.000047","vial of pooled individuals",,,,,,"D15.2014.MorphC",""American Beetles" Arnett/ Thomas 2001","z9Nb0fxJczdmi0utaYua6PSPTHDIrAD9","/h2P7iNCFob6MrtXvZ/0KV0VExqkPzVY","Tribe: Zabrini",0
"2EC0511C28AD448C8654E04B5680A40E","D15","ONAQ","ONAQ_002","W","2014-09-11","2015-04-13","2015-04-13","ONAQ_002.W.20140911.cc.01","NEON.BET.D15.000040","vial of pooled individuals",,,,,,"D15.2014.MorphC",""American Beetles" Arnett/ Thomas 2001","z9Nb0fxJczdmi0utaYua6PSPTHDIrAD9","/h2P7iNCFob6MrtXvZ/0KV0VExqkPzVY","Tribe: Zabrini",0
"D2B83B2EAF9F4AC385FCBA79B32047CA","D15","ONAQ","ONAQ_002","E","2014-09-11","2015-04-13","2015-04-13","ONAQ_002.E.20140911.cc.01","NEON.BET.D15.000038","vial of pooled individuals",,,,,,"D15.2014.MorphC",""American Beetles" Arnett/ Thomas 2001","z9Nb0fxJczdmi0utaYua6PSPTHDIrAD9","/h2P7iNCFob6MrtXvZ/0KV0VExqkPzVY","Tribe: Zabrini",0
"5837059A453A43368738FF9718664495","D15","ONAQ","ONAQ_002","W","2014-09-11","2015-04-13","2015-04-13","ONAQ_002.W.20140911.cc.01","NEON.BET.D15.000039","vial of pooled individuals",,,,,,"D15.2014.MorphC",""American Beetles" Arnett/ Thomas 2001","z9Nb0fxJczdmi0utaYua6PSPTHDIrAD9","/h2P7iNCFob6MrtXvZ/0KV0VExqkPzVY","Tribe: Zabrini",0
"3F22060B5CFD41589936EF2DC2E4918E","D15","ONAQ","ONAQ_002","N","2014-09-11","2015-04-13","2015-04-13","ONAQ_002.N.20140911.cc.01","NEON.BET.D15.000033","vial of pooled individuals",,,,,,"D15.2014.MorphC",""American Beetles" Arnett/ Thomas 2001","z9Nb0fxJczdmi0utaYua6PSPTHDIrAD9","/h2P7iNCFob6MrtXvZ/0KV0VExqkPzVY","Tribe: Zabrini",0
"B7773DB045694E5998F5E36D651EFE7A","D15","ONAQ","ONAQ_002","N","2014-09-11","2015-04-13","2015-04-13","ONAQ_002.N.20140911.cc.01","NEON.BET.D15.000032","vial of pooled individuals",,,,,,"D15.2014.MorphC",""American Beetles" Arnett/ Thomas 2001","z9Nb0fxJczdmi0utaYua6PSPTHDIrAD9","/h2P7iNCFob6MrtXvZ/0KV0VExqkPzVY","Tribe: Zabrini",0
"CEA0190369254906BD912A19B48E6D20","D15","ONAQ","ONAQ_002","N","2014-09-11","2015-04-13","2015-04-13","ONAQ_002.N.20140911.cc.01","NEON.BET.D15.000031","vial of pooled individuals",,,,,,"D15.2014.MorphC",""American Beetles" Arnett/ Thomas 2001","z9Nb0fxJczdmi0utaYua6PSPTHDIrAD9","/h2P7iNCFob6MrtXvZ/0KV0VExqkPzVY","Tribe: Zabrini",0
"60452589F63A4154BC04D13EA63BD0D6","D15","ONAQ","ONAQ_002","N","2014-09-11","2015-04-13","2015-04-13","ONAQ_002.N.20140911.cc.01","NEON.BET.D15.000030","vial of pooled individuals",,,,,,"D15.2014.MorphC",""American Beetles" Arnett/ Thomas 2001","z9Nb0fxJczdmi0utaYua6PSPTHDIrAD9","/h2P7iNCFob6MrtXvZ/0KV0VExqkPzVY","Tribe Zabrini.",0
"02E5445E14CB4331899CDA8CC324A2F7","D15","ONAQ","ONAQ_002","E","2014-09-11","2015-04-13","2015-04-13","ONAQ_002.E.20140911.cc.01","NEON.BET.D15.000037","vial of pooled individuals",,,,,,"D15.2014.MorphC",""American Beetles" Arnett/ Thomas 2001","z9Nb0fxJczdmi0utaYua6PSPTHDIrAD9","/h2P7iNCFob6MrtXvZ/0KV0VExqkPzVY","Tribe: Zabrini",0
"467CE4D076E24A378F1FDDD229DC42E3","D15","ONAQ","ONAQ_002","E","2014-09-11","2015-04-13","2015-04-13","ONAQ_002.E.20140911.cc.01","NEON.BET.D15.000036","vial of pooled individuals",,,,,,"D15.2014.MorphC",""American Beetles" Arnett/ Thomas 2001","z9Nb0fxJczdmi0utaYua6PSPTHDIrAD9","/h2P7iNCFob6MrtXvZ/0KV0VExqkPzVY","Tribe: Zabrini",0
"4918C4D3941F4C4E904D44158B1A5302","D15","ONAQ","ONAQ_002","N","2014-09-11","2015-04-13","2015-04-13","ONAQ_002.N.20140911.cc.01","NEON.BET.D15.000035","vial of pooled individuals",,,,,,"D15.2014.MorphC",""American Beetles" Arnett/ Thomas 2001","z9Nb0fxJczdmi0utaYua6PSPTHDIrAD9","/h2P7iNCFob6MrtXvZ/0KV0VExqkPzVY","Tribe: Zabrini",0
"91C8AEB876034212A77E029856B70D22","D15","ONAQ","ONAQ_002","N","2014-09-11","2015-04-13","2015-04-13","ONAQ_002.N.20140911.cc.01","NEON.BET.D15.000034","vial of pooled individuals",,,,,,"D15.2014.MorphC",""American Beetles" Arnett/ Thomas 2001","z9Nb0fxJczdmi0utaYua6PSPTHDIrAD9","/h2P7iNCFob6MrtXvZ/0KV0VExqkPzVY","Tribe: Zabrini",0
"1991CEA58A2F46E995C3741D40B5B5DA","D15","ONAQ","ONAQ_002","N","2014-09-11","2015-04-13","2015-04-13","ONAQ_002.N.20140911.cc.01","NEON.BET.D15.000029","vial of pooled individuals",,,,,,"D15.2014.MorphC",""American Beetles" Arnett/ Thomas 2001","z9Nb0fxJczdmi0utaYua6PSPTHDIrAD9","/h2P7iNCFob6MrtXvZ/0KV0VExqkPzVY","Tribe: Zabrini",0
"8DD07168DA494104A891FF79EFCAF7C9","D15","ONAQ","ONAQ_002","S","2014-09-11","2015-04-13","2015-04-13","ONAQ_002.S.20140911.cc.01","NEON.BET.D15.000027","vial of pooled individuals",,,,,,"D15.2014.MorphB",""American Beetles" Arnett/ Thomas 2001","z9Nb0fxJczdmi0utaYua6PSPTHDIrAD9","/h2P7iNCFob6MrtXvZ/0KV0VExqkPzVY","Tribe: Lebiini",0
"FE556F81469D4096B7BBCF71A6312503","D15","ONAQ","ONAQ_002","N","2014-09-11","2015-04-13","2015-04-13","ONAQ_002.N.20140911.cc.01","NEON.BET.D15.000028","vial of pooled individuals",,,,,,"D15.2014.MorphC",""American Beetles" Arnett/ Thomas 2001","z9Nb0fxJczdmi0utaYua6PSPTHDIrAD9","/h2P7iNCFob6MrtXvZ/0KV0VExqkPzVY","Tribe: Zabrini",0
"EED2A347055642818A296512088056B1","D15","ONAQ","ONAQ_002","S","2014-09-11","2015-04-13","2015-04-13","ONAQ_002.S.20140911.cc.01","NEON.BET.D15.000024","vial of pooled individuals",,,,,,"D15.2014.MorphB",""American Beetles" Arnett/ Thomas 2001","z9Nb0fxJczdmi0utaYua6PSPTHDIrAD9","/h2P7iNCFob6MrtXvZ/0KV0VExqkPzVY","Tribe: Lebiini",0
"3552AB4228D34658981020FBD2368366","D15","ONAQ","ONAQ_002","S","2014-09-11","2015-04-13","2015-04-13","ONAQ_002.S.20140911.cc.01","NEON.BET.D15.000023","vial of pooled individuals",,,,,,"D15.2014.MorphB",""American Beetles" Arnett/ Thomas 2001","z9Nb0fxJczdmi0utaYua6PSPTHDIrAD9","/h2P7iNCFob6MrtXvZ/0KV0VExqkPzVY","Tribe: Lebiini",0
"7789FBC0CF834DBD877D96612808F4CE","D15","ONAQ","ONAQ_002","S","2014-09-11","2015-04-13","2015-04-13","ONAQ_002.S.20140911.cc.01","NEON.BET.D15.000026","vial of pooled individuals",,,,,,"D15.2014.MorphB",""American Beetles" Arnett/ Thomas 2001","z9Nb0fxJczdmi0utaYua6PSPTHDIrAD9","/h2P7iNCFob6MrtXvZ/0KV0VExqkPzVY","Tribe: Lebiini",0
"469AD59E8A9B441397DF4FBAA916E9D5","D15","ONAQ","ONAQ_002","S","2014-09-11","2015-04-13","2015-04-13","ONAQ_002.S.20140911.cc.01","NEON.BET.D15.000025","vial of pooled individuals",,,,,,"D15.2014.MorphB",""American Beetles" Arnett/ Thomas 2001","z9Nb0fxJczdmi0utaYua6PSPTHDIrAD9","/h2P7iNCFob6MrtXvZ/0KV0VExqkPzVY","Tribe: Lebiini",0
"127DBECD3E774E4193B7E15FCD1166F1","D15","ONAQ","ONAQ_002","W","2014-09-11","2015-04-13","2015-04-13","ONAQ_002.W.20140911.cc.01","NEON.BET.D15.000020","vial of pooled individuals",,,,,,"D15.2014.MorphB",""American Beetles" Arnett/ Thomas 2001","z9Nb0fxJczdmi0utaYua6PSPTHDIrAD9","/h2P7iNCFob6MrtXvZ/0KV0VExqkPzVY","Tribe: Lebiini",0
"01F8C5AB66AC443688FB939697758167","D15","ONAQ","ONAQ_002","S","2014-09-11","2015-04-13","2015-04-13","ONAQ_002.S.20140911.cc.01","NEON.BET.D15.000022","vial of pooled individuals",,,,,,"D15.2014.MorphB",""American Beetles" Arnett/ Thomas 2001","z9Nb0fxJczdmi0utaYua6PSPTHDIrAD9","/h2P7iNCFob6MrtXvZ/0KV0VExqkPzVY","Tribe: Lebiini",0
"B4A56A5956A34CD28550F9875197C86F","D15","ONAQ","ONAQ_002","W","2014-09-11","2015-04-13","2015-04-13","ONAQ_002.W.20140911.cc.01","NEON.BET.D15.000021","vial of pooled individuals",,,,,,"D15.2014.MorphB",""American Beetles" Arnett/ Thomas 2001","z9Nb0fxJczdmi0utaYua6PSPTHDIrAD9","/h2P7iNCFob6MrtXvZ/0KV0VExqkPzVY","Tribe: Lebiini",0
"C04F3602F1F045CD928566B01553A1B7","D15","ONAQ","ONAQ_002","W","2014-09-11","2015-04-13","2015-04-13","ONAQ_002.W.20140911.cc.01","NEON.BET.D15.000016","vial of pooled individuals",,,,,,"D15.2014.MorphB",""American Beetles" Arnett/ Thomas 2001","z9Nb0fxJczdmi0utaYua6PSPTHDIrAD9","/h2P7iNCFob6MrtXvZ/0KV0VExqkPzVY","Tribe: Lebiini",0
"1DDE1195CCC547B38005D80989BE6119","D15","ONAQ","ONAQ_002","W","2014-09-11","2015-04-13","2015-04-13","ONAQ_002.W.20140911.cc.01","NEON.BET.D15.000017","vial of pooled individuals",,,,,,"D15.2014.MorphB",""American Beetles" Arnett/ Thomas 2001","z9Nb0fxJczdmi0utaYua6PSPTHDIrAD9","/h2P7iNCFob6MrtXvZ/0KV0VExqkPzVY","Tribe: Lebiini",0
"B581C0CED69D4307AA4AAEC4C42ED6D8","D15","ONAQ","ONAQ_002","W","2014-09-11","2015-04-13","2015-04-13","ONAQ_002.W.20140911.cc.01","NEON.BET.D15.000018","vial of pooled individuals",,,,,,"D15.2014.MorphB",""American Beetles" Arnett/ Thomas 2001","z9Nb0fxJczdmi0utaYua6PSPTHDIrAD9","/h2P7iNCFob6MrtXvZ/0KV0VExqkPzVY","Tribe: Lebiini",0
"82A5D1804C6848CD8E10B5554753BF2C","D15","ONAQ","ONAQ_002","W","2014-09-11","2015-04-13","2015-04-13","ONAQ_002.W.20140911.cc.01","NEON.BET.D15.000019","vial of pooled individuals",,,,,,"D15.2014.MorphB",""American Beetles" Arnett/ Thomas 2001","z9Nb0fxJczdmi0utaYua6PSPTHDIrAD9","/h2P7iNCFob6MrtXvZ/0KV0VExqkPzVY","Tribe: Lebiini",0
"9AAF52305E0845879277379A2A4CF197","D15","ONAQ","ONAQ_002","W","2014-09-11","2015-04-13","2015-04-13","ONAQ_002.W.20140911.cc.01","NEON.BET.D15.000015","vial of pooled individuals",,,,,,"D15.2014.MorphB",""American Beetles" Arnett/ Thomas 2001","z9Nb0fxJczdmi0utaYua6PSPTHDIrAD9","/h2P7iNCFob6MrtXvZ/0KV0VExqkPzVY","Tribe: Lebiini",0
"5573EF71AFB94D8BA64C9A4E0580E8B0","D15","ONAQ","ONAQ_002","W","2014-09-11","2015-04-13","2015-04-13","ONAQ_002.W.20140911.cc.01","NEON.BET.D15.000014","vial of pooled individuals",,,,,,"D15.2014.MorphB",""American Beetles" Arnett/ Thomas 2001","z9Nb0fxJczdmi0utaYua6PSPTHDIrAD9","/h2P7iNCFob6MrtXvZ/0KV0VExqkPzVY","Tribe: Lebiini",0
"E1CA6D28E17C4D68ABAEEBAB18F0E216","D15","ONAQ","ONAQ_002","W","2014-09-11","2015-04-13","2015-04-13","ONAQ_002.W.20140911.cc.01","NEON.BET.D15.000013","vial of pooled individuals",,,,,,"D15.2014.MorphB",""American Beetles" Arnett/ Thomas 2001","z9Nb0fxJczdmi0utaYua6PSPTHDIrAD9","/h2P7iNCFob6MrtXvZ/0KV0VExqkPzVY","Tribe: Lebiini",0
"D3273B40E77D40BE88DCCBADDD6EB378","D15","ONAQ","ONAQ_002","W","2014-09-11","2015-04-13","2015-04-13","ONAQ_002.W.20140911.cc.01","NEON.BET.D15.000012","vial of pooled individuals",,,,,,"D15.2014.MorphB",""American Beetles" Arnett/ Thomas 2001","z9Nb0fxJczdmi0utaYua6PSPTHDIrAD9","/h2P7iNCFob6MrtXvZ/0KV0VExqkPzVY","Tribe: Lebiini",0
"C1C01EB45DBA4FB389D89F9508C2FE4B","D15","ONAQ","ONAQ_002","W","2014-09-11","2015-04-13","2015-04-13","ONAQ_002.W.20140911.cc.01","NEON.BET.D15.000011","vial of pooled individuals",,,,,,"D15.2014.MorphB",""American Beetles" Arnett/ Thomas 2001","z9Nb0fxJczdmi0utaYua6PSPTHDIrAD9","/h2P7iNCFob6MrtXvZ/0KV0VExqkPzVY","Tribe: Lebiini",0
"77485BBCC1184FA9B936A318518A0AA8","D15","ONAQ","ONAQ_002","W","2014-09-11","2015-04-13","2015-04-13","ONAQ_002.W.20140911.cc.01","NEON.BET.D15.000010","vial of pooled individuals",,,,,,"D15.2014.MorphB",""American Beetles" Arnett/ Thomas 2001","z9Nb0fxJczdmi0utaYua6PSPTHDIrAD9","/h2P7iNCFob6MrtXvZ/0KV0VExqkPzVY","Tribe: Lebiini",0
"BAFBCFB629244BE8938B2DDA47E37C34","D15","ONAQ","ONAQ_002","W","2014-09-11","2015-04-13","2015-04-13","ONAQ_002.W.20140911.cc.01","NEON.BET.D15.000009","vial of pooled individuals",,,,,,"D15.2014.MorphB",""American Beetles" Arnett/ Thomas 2001","z9Nb0fxJczdmi0utaYua6PSPTHDIrAD9","/h2P7iNCFob6MrtXvZ/0KV0VExqkPzVY","Tribe: Lebiini",0
"15F0609FE78B4D4FB6A1C8DA9E02EB6D","D15","ONAQ","ONAQ_002","E","2014-09-11","2015-04-13","2015-04-13","ONAQ_002.E.20140911.cc.01","NEON.BET.D15.000007","vial of pooled individuals",,,,,,"D15.2014.MorphB",""American Beetles" Arnett/ Thomas 2001","z9Nb0fxJczdmi0utaYua6PSPTHDIrAD9","/h2P7iNCFob6MrtXvZ/0KV0VExqkPzVY","Tribe: Lebiini",0
"07108A09746D4596B179F8E3A65A3A5E","D15","ONAQ","ONAQ_002","W","2014-09-11","2015-04-13","2015-04-13","ONAQ_002.W.20140911.cc.01","NEON.BET.D15.000008","vial of pooled individuals",,,,,,"D15.2014.MorphB",""American Beetles" Arnett/ Thomas 2001","z9Nb0fxJczdmi0utaYua6PSPTHDIrAD9","/h2P7iNCFob6MrtXvZ/0KV0VExqkPzVY","Tribe: Lebiini",0
"4FA7E1DAA0194CB7B6C8D26B42FD5E63","D15","ONAQ","ONAQ_002","N","2014-09-11","2015-04-13","2015-04-13","ONAQ_002.N.20140911.cc.01","NEON.BET.D15.000005","vial of pooled individuals",,,,,,"D15.2014.MorphB",""American Beetles" Arnett/ Thomas 2001","z9Nb0fxJczdmi0utaYua6PSPTHDIrAD9","/h2P7iNCFob6MrtXvZ/0KV0VExqkPzVY","Tribe: Lebiini",0
"EAC5C28056FC44FC875FC554ED86F29F","D15","ONAQ","ONAQ_002","N","2014-09-11","2015-04-13","2015-04-13","ONAQ_002.N.20140911.cc.01","NEON.BET.D15.000006","vial of pooled individuals",,,,,,"D15.2014.MorphB",""American Beetles" Arnett/ Thomas 2001","z9Nb0fxJczdmi0utaYua6PSPTHDIrAD9","/h2P7iNCFob6MrtXvZ/0KV0VExqkPzVY","Tribe: Lebiini",0
"CBF7B05BB76A403F84E4CF23C51E550F","D15","ONAQ","ONAQ_002","S","2014-09-11","2015-04-13","2015-04-13","ONAQ_002.S.20140911.cc.01","NEON.BET.D15.000050","vial of pooled individuals",,,,,,"D15.2014.MorphC",""American Beetles" Arnett/ Thomas 2001","z9Nb0fxJczdmi0utaYua6PSPTHDIrAD9","/h2P7iNCFob6MrtXvZ/0KV0VExqkPzVY","Tribe: Zabrini",0
"41EBDC78BB3841B496C03B7C575AC2E3","D15","ONAQ","ONAQ_002","S","2014-09-11","2015-04-13","2015-04-13","ONAQ_002.S.20140911.cc.01","NEON.BET.D15.000051","vial of pooled individuals",,,,,,"D15.2014.MorphC",""American Beetles" Arnett/ Thomas 2001","z9Nb0fxJczdmi0utaYua6PSPTHDIrAD9","/h2P7iNCFob6MrtXvZ/0KV0VExqkPzVY","Tribe: Zabrini",0
"AFC7B2BE32A4498FBA54A6975840FC8B","D15","ONAQ","ONAQ_002","S","2014-09-11","2015-04-13","2015-04-13","ONAQ_002.S.20140911.cc.01","NEON.BET.D15.000054","vial of pooled individuals",,,,,,"D15.2014.MorphC",""American Beetles" Arnett/ Thomas 2001","z9Nb0fxJczdmi0utaYua6PSPTHDIrAD9","/h2P7iNCFob6MrtXvZ/0KV0VExqkPzVY","Tribe: Zabrini",0
"36180BB520FA4AA0A8233BB7F18FF1C0","D15","ONAQ","ONAQ_002","S","2014-09-11","2015-04-13","2015-04-13","ONAQ_002.S.20140911.cc.01","NEON.BET.D15.000055","vial of pooled individuals",,,,,,"D15.2014.MorphC",""American Beetles" Arnett/ Thomas 2001","z9Nb0fxJczdmi0utaYua6PSPTHDIrAD9","/h2P7iNCFob6MrtXvZ/0KV0VExqkPzVY","Tribe: Zabrini",0
"DF48F4F20F9B4141A70D772CCE67BFAE","D15","ONAQ","ONAQ_002","S","2014-09-11","2015-04-13","2015-04-13","ONAQ_002.S.20140911.cc.01","NEON.BET.D15.000052","vial of pooled individuals",,,,,,"D15.2014.MorphC",""American Beetles" Arnett/ Thomas 2001","z9Nb0fxJczdmi0utaYua6PSPTHDIrAD9","/h2P7iNCFob6MrtXvZ/0KV0VExqkPzVY","Tribe: Zabrini",0
"A11308B737AE44FAA493C114F28451C4","D15","ONAQ","ONAQ_002","S","2014-09-11","2015-04-13","2015-04-13","ONAQ_002.S.20140911.cc.01","NEON.BET.D15.000053","vial of pooled individuals",,,,,,"D15.2014.MorphC",""American Beetles" Arnett/ Thomas 2001","z9Nb0fxJczdmi0utaYua6PSPTHDIrAD9","/h2P7iNCFob6MrtXvZ/0KV0VExqkPzVY","Tribe: Zabrini",0
"B857C377070E4743B3040ADCF1D8916B","D15","ONAQ","ONAQ_002","S","2014-09-11","2015-04-13","2015-04-13","ONAQ_002.S.20140911.cc.01","NEON.BET.D15.000049","vial of pooled individuals",,,,,,"D15.2014.MorphC",""American Beetles" Arnett/ Thomas 2001","z9Nb0fxJczdmi0utaYua6PSPTHDIrAD9","/h2P7iNCFob6MrtXvZ/0KV0VExqkPzVY","Tribe: Zabrini",0
"61A7AD90C68B4EFFA856EFB829BDF4CE","D15","ONAQ","ONAQ_002","N","2014-09-11","2015-04-13","2015-04-13","ONAQ_002.N.20140911.cc.01","NEON.BET.D15.000003","vial of pooled individuals",,,,,,"D15.2014.MorphB",""American Beetles" Arnett/ Thomas 2001","z9Nb0fxJczdmi0utaYua6PSPTHDIrAD9","/h2P7iNCFob6MrtXvZ/0KV0VExqkPzVY","Tribe: Lebiini",0
"DB85CD8AF787446294759840D484A162","D15","ONAQ","ONAQ_002","N","2014-09-11","2015-04-13","2015-04-13","ONAQ_002.N.20140911.cc.01","NEON.BET.D15.000004","vial of pooled individuals",,,,,,"D15.2014.MorphB",""American Beetles" Arnett/ Thomas 2001","z9Nb0fxJczdmi0utaYua6PSPTHDIrAD9","/h2P7iNCFob6MrtXvZ/0KV0VExqkPzVY","Tribe: Lebiini",0
"12F73293C8A0431E8C5C2BB1C9F8E393","D15","ONAQ","ONAQ_002","N","2014-09-11","2015-04-10","2015-04-13","ONAQ_002.N.20140911.cc.01","NEON.BET.D15.000002","vial of pooled individuals",,,,,,"D15.2014.MorphB",""American Beetles" Arnett/ Thomas 2001","z9Nb0fxJczdmi0utaYua6PSPTHDIrAD9","/h2P7iNCFob6MrtXvZ/0KV0VExqkPzVY","Tribe: Lebiini",0
"586F1693AE64490EB0851AF4CD948B6B","D15","ONAQ","ONAQ_004","N","2014-09-11","2015-04-20","2015-04-20","ONAQ_004.N.20140911.cc.01","NEON.BET.D15.000224","vial of pooled individuals",,,,,,"D15.2014.MorphB",""American Beetles" Arnett/ Thomas 2001","z9Nb0fxJczdmi0utaYua6PSPTHDIrAD9","/h2P7iNCFob6MrtXvZ/0KV0VExqkPzVY","Tribe: Lebiini",0
"DE1B5E892C9548AAAF36AD79C10486FA","D15","ONAQ","ONAQ_004","W","2014-09-11","2015-04-20","2015-04-20","ONAQ_004.W.20140911.cc.02","NEON.BET.D15.000231","vial of pooled individuals",,,,,,"D15.2014.MorphB",""American Beetles" Arnett/ Thomas 2001","z9Nb0fxJczdmi0utaYua6PSPTHDIrAD9","/h2P7iNCFob6MrtXvZ/0KV0VExqkPzVY","Tribe: Lebiini",0
"5634D976B2664AA3A0A7AD3C1106426C","D15","ONAQ","ONAQ_004","W","2014-09-11","2015-04-20","2015-04-20","ONAQ_004.W.20140911.cc.01","NEON.BET.D15.000230","vial of pooled individuals",,,,,,"D15.2014.MorphC",""American Beetles" Arnett/ Thomas 2001","z9Nb0fxJczdmi0utaYua6PSPTHDIrAD9","/h2P7iNCFob6MrtXvZ/0KV0VExqkPzVY","Tribe: Zabrini",0
"3B709638F1FA4815B0207760F137DB47","D15","ONAQ","ONAQ_004","E","2014-09-11","2015-04-20","2015-04-20","ONAQ_004.E.20140911.cc.02","NEON.BET.D15.000229","vial of pooled individuals",,,,,,"D15.2014.MorphC",""American Beetles" Arnett/ Thomas 2001","z9Nb0fxJczdmi0utaYua6PSPTHDIrAD9","/h2P7iNCFob6MrtXvZ/0KV0VExqkPzVY","Tribe: Zabrini",0
"71167C6F004C4BD1B4EB31F0E7299601","D15","ONAQ","ONAQ_004","E","2014-09-11","2015-04-20","2015-04-20","ONAQ_004.E.20140911.cc.01","NEON.BET.D15.000227","vial of pooled individuals",,,,,,"D15.2014.MorphB",""American Beetles" Arnett/ Thomas 2001","z9Nb0fxJczdmi0utaYua6PSPTHDIrAD9","/h2P7iNCFob6MrtXvZ/0KV0VExqkPzVY","Tribe: Lebiini",0
"3D06C06B1FE74BF7B05AF4EE0832D0F5","D15","ONAQ","ONAQ_004","E","2014-09-11","2015-04-20","2015-04-20","ONAQ_004.E.20140911.oc.01","NEON.BET.D15.000228","vial of pooled individuals",,,,,,"D15.2014.MorphA",""American Beetles" Arnett/ Thomas 2001","z9Nb0fxJczdmi0utaYua6PSPTHDIrAD9","/h2P7iNCFob6MrtXvZ/0KV0VExqkPzVY","Tribe: Harpalini",0
"25F38F4D24EF424B9DE3E6A971467294","D15","ONAQ","ONAQ_004","N","2014-09-11","2015-04-20","2015-04-20","ONAQ_004.N.20140911.cc.02","NEON.BET.D15.000225","vial of pooled individuals",,,,,,"D15.2014.MorphC",""American Beetles" Arnett/ Thomas 2001","z9Nb0fxJczdmi0utaYua6PSPTHDIrAD9","/h2P7iNCFob6MrtXvZ/0KV0VExqkPzVY","Tribe: Zabrini",0
"EB62A14439694BEEBA4084F6D1192D0B","D15","ONAQ","ONAQ_004","S","2014-09-11","2015-04-20","2015-04-20","ONAQ_004.S.20140911.cc.01","NEON.BET.D15.000226","vial of pooled individuals",,,,,,"D15.2014.MorphC",""American Beetles" Arnett/ Thomas 2001","z9Nb0fxJczdmi0utaYua6PSPTHDIrAD9","/h2P7iNCFob6MrtXvZ/0KV0VExqkPzVY","Tribe: Zabrini",0
"C7AB8099FB6C478A8FC4789B0F2DC5E3","D15","ONAQ","ONAQ_005","S","2014-09-11","2015-04-20","2015-04-20","ONAQ_005.S.20140911.cc.02","NEON.BET.D15.000233","vial of pooled individuals",,,,,,"D15.2014.MorphB",""American Beetles" Arnett/ Thomas 2001","z9Nb0fxJczdmi0utaYua6PSPTHDIrAD9","/h2P7iNCFob6MrtXvZ/0KV0VExqkPzVY","Tribe: Lebiini",0
"5F6F857EA119484985DE31B57994B58E","D15","ONAQ","ONAQ_005","W","2014-09-11","2015-04-20","2015-04-20","ONAQ_005.W.20140911.cc.01","NEON.BET.D15.000232","vial of pooled individuals",,,,,,"D15.2014.MorphC",""American Beetles" Arnett/ Thomas 2001","z9Nb0fxJczdmi0utaYua6PSPTHDIrAD9","/h2P7iNCFob6MrtXvZ/0KV0VExqkPzVY","Tribe: Zabrini",0
"17C19D060521400FB43079FD94A975C9","D15","ONAQ","ONAQ_006","E","2014-09-11","2015-04-20","2015-04-20","ONAQ_006.E.20140911.cc.01","NEON.BET.D15.000236","vial of pooled individuals",,,,,,"D15.2014.MorphB",""American Beetles" Arnett/ Thomas 2001","z9Nb0fxJczdmi0utaYua6PSPTHDIrAD9","/h2P7iNCFob6MrtXvZ/0KV0VExqkPzVY","Tribe: Lebiini",0
"81039C9BBB8843C58A890AFD047554A3","D15","ONAQ","ONAQ_006","N","2014-09-11","2015-04-20","2015-04-20","ONAQ_006.N.20140911.cc.01","NEON.BET.D15.000237","vial of pooled individuals",,,,,,"D15.2014.MorphB",""American Beetles" Arnett/ Thomas 2001","z9Nb0fxJczdmi0utaYua6PSPTHDIrAD9","/h2P7iNCFob6MrtXvZ/0KV0VExqkPzVY","Tribe: Lebiini",0
"03611DD9928942D49690EA6BD1599BC7","D15","ONAQ","ONAQ_006","S","2014-09-11","2015-04-20","2015-04-20","ONAQ_006.S.20140911.oc.01","NEON.BET.D15.000235","vial of pooled individuals",,,,,,"D15.2014.MorphI",""American Beetles" Arnett/ Thomas 2001","z9Nb0fxJczdmi0utaYua6PSPTHDIrAD9","/h2P7iNCFob6MrtXvZ/0KV0VExqkPzVY","Tribe: Carabini",0
"EE4F1E5F33994811A28D0D875FFB993F","D15","ONAQ","ONAQ_006","W","2014-09-11","2015-04-20","2015-04-20","ONAQ_006.W.20140911.oc.01","NEON.BET.D15.000234","vial of pooled individuals",,,,,,"D15.2014.MorphD",""American Beetles" Arnett/ Thomas 2001","z9Nb0fxJczdmi0utaYua6PSPTHDIrAD9","/h2P7iNCFob6MrtXvZ/0KV0VExqkPzVY","Tribe: Carabini",0
"FC7D52262EA24F2EBEAD813A0A1CBDA9","D15","ONAQ","ONAQ_008","E","2014-09-11","2015-04-21","2015-04-20","ONAQ_008.E.20140911.cc.01","NEON.BET.D15.000240","vial of pooled individuals",,,,,,"D15.2014.MorphB",""American Beetles" Arnett/Thomas","z9Nb0fxJczdmi0utaYua6PSPTHDIrAD9","/h2P7iNCFob6MrtXvZ/0KV0VExqkPzVY","Tribe: Lebiini",0
"79E96B7A453748CA9E390FF14942C4F8","D15","ONAQ","ONAQ_008","N","2014-09-11","2015-04-21","2015-04-20","ONAQ_008.N.20140911.cc.02","NEON.BET.D15.000242","vial of pooled individuals",,,,,,"D15.2014.MorphC",""American Beetles" Arnett/Thomas","z9Nb0fxJczdmi0utaYua6PSPTHDIrAD9","/h2P7iNCFob6MrtXvZ/0KV0VExqkPzVY","Tribe: Zabrini",0
"9B212BB542594BC6A288D7F14DD7AF74","D15","ONAQ","ONAQ_008","N","2014-09-11","2015-04-21","2015-04-20","ONAQ_008.N.20140911.cc.01","NEON.BET.D15.000241","vial of pooled individuals",,,,,,"D15.2014.MorphB",""American Beetles" Arnett/Thomas","z9Nb0fxJczdmi0utaYua6PSPTHDIrAD9","/h2P7iNCFob6MrtXvZ/0KV0VExqkPzVY","Tribe: Lebiini",0
"356C414DC38E48C4B08E5D58BA15D7EE","D15","ONAQ","ONAQ_008","W","2014-09-11","2015-04-20","2015-04-20","ONAQ_008.W.20140911.cc.01","NEON.BET.D15.000238","vial of pooled individuals",,,,,,"D15.2014.MorphC",""American Beetles" Arnett/ Thomas 2001","z9Nb0fxJczdmi0utaYua6PSPTHDIrAD9","/h2P7iNCFob6MrtXvZ/0KV0VExqkPzVY","Tribe: Zabrini",0
"A28062EF1E7046BE898CDAAC8269D42E","D15","ONAQ","ONAQ_008","S","2014-09-11","2015-04-20","2015-04-20","ONAQ_008.S.20140911.cc.01","NEON.BET.D15.000239","vial of pooled individuals",,,,,,"D15.2014.MorphB",""American Beetles" Arnett/ Thomas 2001","z9Nb0fxJczdmi0utaYua6PSPTHDIrAD9","/h2P7iNCFob6MrtXvZ/0KV0VExqkPzVY","Tribe: Lebiini",0
"3F31E06CF0AB44EDAA5FB952069EB216","D15","ONAQ","ONAQ_009","W","2014-09-11","2015-04-14","2015-04-14","ONAQ_009.W.20140911.cc.01","NEON.BET.D15.000105","vial of pooled individuals",,,,,,"D15.2014.MorphC",""American Beetles" Arnett/ Thomas 2001","z9Nb0fxJczdmi0utaYua6PSPTHDIrAD9","/h2P7iNCFob6MrtXvZ/0KV0VExqkPzVY","Tribe: Zabrini",0
"51DB2BB4F68A479D9D44B6CC687C123B","D15","ONAQ","ONAQ_009","S","2014-09-11","2015-04-14","2015-04-14","ONAQ_009.S.20140911.cc.01","NEON.BET.D15.000104","vial of pooled individuals",,,,,,"D15.2014.MorphC",""American Beetles" Arnett/ Thomas 2001","z9Nb0fxJczdmi0utaYua6PSPTHDIrAD9","/h2P7iNCFob6MrtXvZ/0KV0VExqkPzVY","Tribe: Zabrini",0
"7DA15E0DF5CC4920826F6FF0CF7E94D6","D15","ONAQ","ONAQ_009","S","2014-09-11","2015-04-14","2015-04-14","ONAQ_009.S.20140911.oc.01","NEON.BET.D15.000107","vial of pooled individuals",,,,,,"D15.2014.MorphG",""American Beetles" Arnett/ Thomas 2001","z9Nb0fxJczdmi0utaYua6PSPTHDIrAD9","/h2P7iNCFob6MrtXvZ/0KV0VExqkPzVY","Tribe: Slender Red Lebiini",0
"ED39536A37B740E7A7275A782785B4A8","D15","ONAQ","ONAQ_009","S","2014-09-11","2015-04-14","2015-04-14","ONAQ_009.S.20140911.cc.01","NEON.BET.D15.000106","vial of pooled individuals",,,,,,"D15.2014.MorphC",""American Beetles" Arnett/ Thomas 2001","z9Nb0fxJczdmi0utaYua6PSPTHDIrAD9","/h2P7iNCFob6MrtXvZ/0KV0VExqkPzVY","Tribe: Zabrini",0
"778953B9BF9043DDAB1D8A00CF730B50","D15","ONAQ","ONAQ_010","S","2014-09-11","2015-04-21","2015-04-20","ONAQ_010.S.20140911.cc.01","NEON.BET.D15.000244","vial of pooled individuals",,,,,,"D15.2014.MorphB",""American Beetles" Arnett/Thomas","z9Nb0fxJczdmi0utaYua6PSPTHDIrAD9","/h2P7iNCFob6MrtXvZ/0KV0VExqkPzVY","Tribe: Lebiini",0
"37E4DA5424014D6CAD81BFAC0CDA80C2","D15","ONAQ","ONAQ_010","N","2014-09-11","2015-04-21","2014-04-20","ONAQ_010.N.20140911.cc.01","NEON.BET.D15.000243","vial of pooled individuals",,,,,,"D15.2014.MorphB",""American Beetles" Arnett/Thomas","z9Nb0fxJczdmi0utaYua6PSPTHDIrAD9","/h2P7iNCFob6MrtXvZ/0KV0VExqkPzVY","Tribe: Lebiini",0
"D9455637CBDB4ECEA8C0405ECCED0F26","D15","ONAQ","ONAQ_010","W","2014-09-11","2015-04-21","2015-04-20","ONAQ_010.W.20140911.cc.01","NEON.BET.D15.000246","vial of pooled individuals",,,,,,"D15.2014.MorphB",""American Beetles" Arnett/Thomas","z9Nb0fxJczdmi0utaYua6PSPTHDIrAD9","/h2P7iNCFob6MrtXvZ/0KV0VExqkPzVY","Tribe: Lebiini",0
"3C1A647C639F42D9A9505206F3FB9266","D15","ONAQ","ONAQ_010","E","2014-09-11","2015-04-21","2015-04-20","ONAQ_010.E.20140911.cc.01","NEON.BET.D15.000245","vial of pooled individuals",,,,,,"D15.2014.MorphB",""American Beetles" Arnett/Thomas","z9Nb0fxJczdmi0utaYua6PSPTHDIrAD9","/h2P7iNCFob6MrtXvZ/0KV0VExqkPzVY","Tribe: Lebiini",0
"DA6A2A3ECBF14244880868DFA3BD29AC","D15","ONAQ","ONAQ_010","E","2014-09-11","2015-04-14","2015-04-14","ONAQ_010.E.20140911.cc","NEON.BET.D15.000102","vial of pooled individuals",,,,,,"D15.2014.MorphC",""American Beetles" Arnett/ Thomas 2001","z9Nb0fxJczdmi0utaYua6PSPTHDIrAD9","/h2P7iNCFob6MrtXvZ/0KV0VExqkPzVY","Tribe: Zabrini",0
"A409B464074245AA90B391C44C35AA5B","D15","ONAQ","ONAQ_010","S","2014-09-11","2015-04-14","2015-04-14","ONAQ_010.S.20140911.cc.01","NEON.BET.D15.000100","vial of pooled individuals",,,,,,"D15.2014.MorphC",""American Beetles" Arnett/ Thomas 2001","z9Nb0fxJczdmi0utaYua6PSPTHDIrAD9","/h2P7iNCFob6MrtXvZ/0KV0VExqkPzVY","Tribe: Zabrini",0
"5758414BD79A4BED9C31D5A40127E101","D15","ONAQ","ONAQ_010","E","2014-09-11","2015-04-14","2015-04-14","ONAQ_010.E.20140911.cc.01","NEON.BET.D15.000101","vial of pooled individuals",,,,,,"D15.2014.MorphC",""American Beetles" Arnett/ Thomas 2001","z9Nb0fxJczdmi0utaYua6PSPTHDIrAD9","/h2P7iNCFob6MrtXvZ/0KV0VExqkPzVY","Tribe: Zabrini",0
"DFDD24FF09AD401AA090945C7D730058","D15","ONAQ","ONAQ_010","N","2014-09-11","2015-04-14","2015-04-16","ONAQ_010.N.20140911.oc.01","NEON.BET.D15.000119","vial of pooled individuals",,,,,,"D15.2014.MorphI",""American Beetles" Arnett/ Thomas 2001","z9Nb0fxJczdmi0utaYua6PSPTHDIrAD9","/h2P7iNCFob6MrtXvZ/0KV0VExqkPzVY","Tribe: Carabini",0
"50F3500D9D8B4363B055ABE99BAD9B8F","D15","ONAQ","ONAQ_010","N","2014-09-11","2015-04-14","2015-04-16","ONAQ_010.N.20140911.oc.01","NEON.BET.D15.000118","vial of pooled individuals",,,,,,"D15.2014.MorphI",""American Beetles" Arnett/ Thomas 2001","z9Nb0fxJczdmi0utaYua6PSPTHDIrAD9","/h2P7iNCFob6MrtXvZ/0KV0VExqkPzVY","Tribe: Carabini",0
"2A14C04389B44EA3A8FABABED6F3523C","D15","ONAQ","ONAQ_012","E","2014-09-11","2015-04-14","2015-04-14","ONAQ_012.E.20140911.cc.01","NEON.BET.D15.000145","vial of pooled individuals",,,,,,"D15.2014.MorphB",""American Beetles" Arnett/Thomas","z9Nb0fxJczdmi0utaYua6PSPTHDIrAD9","/h2P7iNCFob6MrtXvZ/0KV0VExqkPzVY","Tribe: Lebiini",0
"E58B9D8BE74B455B88D96991EAF66A41","D15","ONAQ","ONAQ_012","E","2014-09-11","2015-04-14","2015-04-14","ONAQ_012.E.20140911.cc.01","NEON.BET.D15.000144","vial of pooled individuals",,,,,,"D15.2014.MorphB",""American Beetles" Arnett/Thomas","z9Nb0fxJczdmi0utaYua6PSPTHDIrAD9","/h2P7iNCFob6MrtXvZ/0KV0VExqkPzVY","Tribe: Lebiini",0
"9C84A4E8FABC4179B28D58F63C71B292","D15","ONAQ","ONAQ_012","E","2014-09-11","2015-04-14","2015-04-15","ONAQ_012.E.20140911.cc.01","NEON.BET.D15.000147","vial of pooled individuals",,,,,,"D15.2014.MorphB",""American Beetles" Arnett/Thomas","z9Nb0fxJczdmi0utaYua6PSPTHDIrAD9","/h2P7iNCFob6MrtXvZ/0KV0VExqkPzVY","Tribe: Lebiini",0
"5BB9780C16B34913BAD2BE5CEAA393BE","D15","ONAQ","ONAQ_012","E","2014-09-11","2015-04-14","2015-04-14","ONAQ_012.E.20140911.cc.01","NEON.BET.D15.000146","vial of pooled individuals",,,,,,"D15.2014.MorphB",""American Beetles" Arnett/Thomas","z9Nb0fxJczdmi0utaYua6PSPTHDIrAD9","/h2P7iNCFob6MrtXvZ/0KV0VExqkPzVY","Tribe: Lebiini",0
"B366DD5E5A7C4725A42597E1B5E230A6","D15","ONAQ","ONAQ_012","E","2014-09-11","2015-04-14","2015-04-14","ONAQ_012.E.20140911.cc.01","NEON.BET.D15.000141","vial of pooled individuals",,,,,,"D15.2014.MorphB",""American Beetles" Arnett/Thomas","z9Nb0fxJczdmi0utaYua6PSPTHDIrAD9","/h2P7iNCFob6MrtXvZ/0KV0VExqkPzVY","Lebiini",0
"61EC3162761D4E92BDAF0612801768EB","D15","ONAQ","ONAQ_012","S","2014-09-11","2015-04-14","2015-04-14","ONAQ_012.S.20140911.cc.01","NEON.BET.D15.000140","vial of pooled individuals",,,,,,"D15.2014.MorphB",""American Beetles" Arnett/Thomas","z9Nb0fxJczdmi0utaYua6PSPTHDIrAD9","/h2P7iNCFob6MrtXvZ/0KV0VExqkPzVY","Tribe: Lebiini",0
"C655FD0C3A144A50B6D74B0649491B60","D15","ONAQ","ONAQ_012","E","2014-09-11","2015-04-14","2015-04-14","ONAQ_012.E.20140911.cc.01","NEON.BET.D15.000143","vial of pooled individuals",,,,,,"D15.2014.MorphB",""American Beetles" Arnett/Thomas","z9Nb0fxJczdmi0utaYua6PSPTHDIrAD9","/h2P7iNCFob6MrtXvZ/0KV0VExqkPzVY","Tribe: Lebiini",0
"97D192560D9242AAA2D70432498E207C","D15","ONAQ","ONAQ_012","E","2014-09-11","2015-04-14","2015-04-14","ONAQ_012.E.20140911.cc.01","NEON.BET.D15.000142","vial of pooled individuals",,,,,,"D15.2014.MorphB",""American Beetles" Arnett/Thomas","z9Nb0fxJczdmi0utaYua6PSPTHDIrAD9","/h2P7iNCFob6MrtXvZ/0KV0VExqkPzVY","Tribe: Lebiini",0
"A9B36F6040744954B4FFE52447310520","D15","ONAQ","ONAQ_012","N","2014-09-11","2015-04-14","2015-04-14","ONAQ_012.N.20140911.cc.01","NEON.BET.D15.000137","vial of pooled individuals",,,,,,"D15.2014.MorphB",""American Beetles" Arnett/Thomas","z9Nb0fxJczdmi0utaYua6PSPTHDIrAD9","/h2P7iNCFob6MrtXvZ/0KV0VExqkPzVY","Tribe: Lebiini",0
"2667AAD753D44157B0EC087DF540B651","D15","ONAQ","ONAQ_012","S","2014-09-11","2015-04-14","2015-04-14","ONAQ_012.S.20140911.cc.01","NEON.BET.D15.000138","vial of pooled individuals",,,,,,"D15.2014.MorphB",""American Beetles" Arnett/Thomas","z9Nb0fxJczdmi0utaYua6PSPTHDIrAD9","/h2P7iNCFob6MrtXvZ/0KV0VExqkPzVY","Tribe: Lebiini",0
"D9E5E320B02A41949E5B338F8C3D3CEC","D15","ONAQ","ONAQ_012","S","2014-09-11","2015-04-14","2015-04-14","ONAQ_012.S.20140911.cc.01","NEON.BET.D15.000139","vial of pooled individuals",,,,,,"D15.2014.MorphB",""American Beetles" Arnett/Thomas","z9Nb0fxJczdmi0utaYua6PSPTHDIrAD9","/h2P7iNCFob6MrtXvZ/0KV0VExqkPzVY","Tribe: Lebiini",0
"CB9DB15B923A41D2AF7340C00542EFA4","D15","ONAQ","ONAQ_012","N","2014-09-11","2015-04-14","2015-04-14","ONAQ_012.N.20140911.cc.01","NEON.BET.D15.000136","vial of pooled individuals",,,,,,"D15.2014.MorphB",""American Beetles" Arnett/Thomas","z9Nb0fxJczdmi0utaYua6PSPTHDIrAD9","/h2P7iNCFob6MrtXvZ/0KV0VExqkPzVY","Tribe: Lebiini",0
"C81DC6135979400BA1EB231DB954B70D","D15","ONAQ","ONAQ_012","N","2014-09-11","2015-04-14","2015-04-14","ONAQ_012.N.20140911.cc.01","NEON.BET.D15.000135","vial of pooled individuals",,,,,,"D15.2014.MorphB",""American Beetles" Arnett/Thomas","z9Nb0fxJczdmi0utaYua6PSPTHDIrAD9","/h2P7iNCFob6MrtXvZ/0KV0VExqkPzVY","Tribe: Lebiini",0
"CE57AD09D629497C8B37F9A2C0101230","D15","ONAQ","ONAQ_012","N","2014-09-11","2015-04-14","2015-04-14","ONAQ_012.N.20140911.cc.01","NEON.BET.D15.000134","vial of pooled individuals",,,,,,"D15.2014.MorphB",""American Beetles" Arnett/Thomas","z9Nb0fxJczdmi0utaYua6PSPTHDIrAD9","/h2P7iNCFob6MrtXvZ/0KV0VExqkPzVY","Tribe: Lebiini",0
"6270A5B71A45472981E46B62AD3B9FA6","D15","ONAQ","ONAQ_012","N","2014-09-11","2015-04-14","2015-04-14","ONAQ_012.N.20140911.cc.01","NEON.BET.D15.000133","vial of pooled individuals",,,,,,"D15.2014.MorphB",""American Beetles" Arnett/Thomas","z9Nb0fxJczdmi0utaYua6PSPTHDIrAD9","/h2P7iNCFob6MrtXvZ/0KV0VExqkPzVY","Tribe: Lebiini",0
"7BEDBF690B9D49CCB06E17C10B9DDEC7","D15","ONAQ","ONAQ_012","N","2014-09-11","2015-04-14","2015-04-14","ONAQ_012.N.20140911.cc.01","NEON.BET.D15.000132","vial of pooled individuals",,,,,,"D15.2014.MorphB",""American Beetles" Arnett/Thomas","z9Nb0fxJczdmi0utaYua6PSPTHDIrAD9","/h2P7iNCFob6MrtXvZ/0KV0VExqkPzVY","Tribe: Lebiini",0
"A85E6B9AF47C4EA1A33BAB409BA3E964","D15","ONAQ","ONAQ_012","N","2014-09-11","2015-04-14","2015-04-14","ONAQ_012.N.20140911.cc.01","NEON.BET.D15.000131","vial of pooled individuals",,,,,,"D15.2014.MorphB",""American Beetles" Arnett/Thomas","z9Nb0fxJczdmi0utaYua6PSPTHDIrAD9","/h2P7iNCFob6MrtXvZ/0KV0VExqkPzVY","Tribe: Lebiini",0
"2FC6157D964A4C3D826652F194F31E5F","D15","ONAQ","ONAQ_012","N","2014-09-11","2015-04-14","2015-04-14","ONAQ_012.N.20140911.cc.01","NEON.BET.D15.000130","vial of pooled individuals",,,,,,"D15.2014.MorphB",""American Beetles" Arnett/Thomas","z9Nb0fxJczdmi0utaYua6PSPTHDIrAD9","/h2P7iNCFob6MrtXvZ/0KV0VExqkPzVY","Tribe: Lebiini",0
"A9DF155BDC1341209E22B2C895DEC17C","D15","ONAQ","ONAQ_012","N","2014-09-11","2015-04-14","2015-04-14","ONAQ_012.N.20140911.cc.01","NEON.BET.D15.000128","vial of pooled individuals",,,,,,"D15.2014.MorphB",""American Beetles" Arnett/Thomas","z9Nb0fxJczdmi0utaYua6PSPTHDIrAD9","/h2P7iNCFob6MrtXvZ/0KV0VExqkPzVY","Tribe: Lebiini",0
"729A8D97CE464022AD9F13D27B819F74","D15","ONAQ","ONAQ_012","N","2014-09-11","2015-04-14","2015-04-14","ONAQ_012.N.20140911.cc.01","NEON.BET.D15.000129","vial of pooled individuals",,,,,,"D15.2014.MorphB",""American Beetles" Arnett/Thomas","z9Nb0fxJczdmi0utaYua6PSPTHDIrAD9","/h2P7iNCFob6MrtXvZ/0KV0VExqkPzVY","Tribe: Lebiini",0
"82CC1933BFAD4467A66E120CE9889482","D15","ONAQ","ONAQ_012","N","2014-09-11","2015-04-14","2015-04-14","ONAQ_012.N.20140911.cc.01","NEON.BET.D15.000126","vial of pooled individuals",,,,,,"D15.2014.MorphB",""American Beetles" Arnett/Thomas","z9Nb0fxJczdmi0utaYua6PSPTHDIrAD9","/h2P7iNCFob6MrtXvZ/0KV0VExqkPzVY","Tribe: Lebiini",0
"94F5984F1B3345BB808441017C37CFEB","D15","ONAQ","ONAQ_012","N","2014-09-11","2015-04-14","2015-04-14","ONAQ_012.N.20140911.cc.01","NEON.BET.D15.000127","vial of pooled individuals",,,,,,"D15.2014.MorphB",""American Beetles" Arnett/Thomas","z9Nb0fxJczdmi0utaYua6PSPTHDIrAD9","/h2P7iNCFob6MrtXvZ/0KV0VExqkPzVY","Tribe: Lebiini",0
"7B7DCF23E2774D5E9EDF69743C66C11F","D15","ONAQ","ONAQ_012","W","2014-09-11","2015-04-15","2015-04-15","ONAQ_012.W.20140911.cc.01","NEON.BET.D15.000161","vial of pooled individuals",,,,,,"D15.2014.MorphC",""American Beetles" Arnett/Thomas","z9Nb0fxJczdmi0utaYua6PSPTHDIrAD9","/h2P7iNCFob6MrtXvZ/0KV0VExqkPzVY","Tribe: Zabvini",0
"91E5518E4516470F99C076F62F0E2091","D15","ONAQ","ONAQ_012","N","2014-09-11","2015-04-14","2015-04-15","ONAQ_012.N.20140911.oc.01","NEON.BET.D15.000160","vial of pooled individuals",,,,,,"D15.2014.MorphA",""American Beetles" Arnett/Thomas","z9Nb0fxJczdmi0utaYua6PSPTHDIrAD9","/h2P7iNCFob6MrtXvZ/0KV0VExqkPzVY","Tribe: Harpalini",0
"F45FDAE060374F6A86DA935292AD7A38","D15","ONAQ","ONAQ_012","N","2014-09-11","2015-04-14","2015-04-15","ONAQ_012.N.20140911.oc.01","NEON.BET.D15.000159","vial of pooled individuals",,,,,,"D15.2014.MorphA",""American Beetles" Arnett/Thomas","z9Nb0fxJczdmi0utaYua6PSPTHDIrAD9","/h2P7iNCFob6MrtXvZ/0KV0VExqkPzVY","Tribe: Harpalini",0
"FA0A5A85978B4B83BC21323118A5765A","D15","ONAQ","ONAQ_012","W","2014-09-11","2015-04-14","2015-04-14","ONAQ_012.W.20140911.cc.01","NEON.BET.D15.000150","vial of pooled individuals",,,,,,"D15.2014.MorphB",""American Beetles" Arnett/Thomas","z9Nb0fxJczdmi0utaYua6PSPTHDIrAD9","/h2P7iNCFob6MrtXvZ/0KV0VExqkPzVY","Tribe: Lebiini",0
"BD6A29A6F78346E7B7C5651E7E5D12A9","D15","ONAQ","ONAQ_012","E","2014-09-11","2015-04-14","2015-04-14","ONAQ_012.E.20140911.cc.01","NEON.BET.D15.000154","vial of pooled individuals",,,,,,"D15.2014.MorphB",""American Beetles" Arnett/Thomas","z9Nb0fxJczdmi0utaYua6PSPTHDIrAD9","/h2P7iNCFob6MrtXvZ/0KV0VExqkPzVY","Tribe: Lebiini",0
"AF45A7969C8349D0B8211676A0BB09F0","D15","ONAQ","ONAQ_012","E","2014-09-11","2015-04-14","2015-04-14","ONAQ_012.E.20140911.cc.01","NEON.BET.D15.000153","vial of pooled individuals",,,,,,"D15.2014.MorphB",""American Beetles" Arnett/Thomas","z9Nb0fxJczdmi0utaYua6PSPTHDIrAD9","/h2P7iNCFob6MrtXvZ/0KV0VExqkPzVY","Tribe: Lebiini",0
"8DA54159A4CE4620AB3631EEFF4D7A5D","D15","ONAQ","ONAQ_012","E","2014-09-11","2015-04-14","2015-04-14","ONAQ_012.E.20140911.cc.01","NEON.BET.D15.000152","vial of pooled individuals",,,,,,"D15.2014.MorphB",""American Beetles" Arnett/Thomas","z9Nb0fxJczdmi0utaYua6PSPTHDIrAD9","/h2P7iNCFob6MrtXvZ/0KV0VExqkPzVY","Tribe: Lebiini",0
"56E5B30193D34DD9B69F7310D992F66D","D15","ONAQ","ONAQ_012","W","2014-09-11","2015-04-14","2015-04-14","ONAQ_012.W.20140911.cc.01","NEON.BET.D15.000151","vial of pooled individuals",,,,,,"D15.2014.MorphB",""American Beetles" Arnett/Thomas","z9Nb0fxJczdmi0utaYua6PSPTHDIrAD9","/h2P7iNCFob6MrtXvZ/0KV0VExqkPzVY","Tribe: Lebiini",0
"DC5E05A4D3E34E4C862BD4758B511FE2","D15","ONAQ","ONAQ_012","E","2014-09-11","2015-04-14","2015-04-14","ONAQ_012.E.20140911.cc.01","NEON.BET.D15.000158","vial of pooled individuals",,,,,,"D15.2014.MorphB",""American Beetles" Arnett/Thomas","z9Nb0fxJczdmi0utaYua6PSPTHDIrAD9","/h2P7iNCFob6MrtXvZ/0KV0VExqkPzVY","Tribe: Lebiini",0
"41C5796EDE64426C901499DBE6BD9401","D15","ONAQ","ONAQ_012","E","2014-09-11","2015-04-14","2015-04-14","ONAQ_012.E.20140911.cc.01","NEON.BET.D15.000157","vial of pooled individuals",,,,,,"D15.2014.MorphB",""American Beetles" Arnett/Thomas","z9Nb0fxJczdmi0utaYua6PSPTHDIrAD9","/h2P7iNCFob6MrtXvZ/0KV0VExqkPzVY","Tribe: Lebiini",0
"3B27B0A5F53741EC8AC51B1374954C0F","D15","ONAQ","ONAQ_012","E","2014-09-11","2015-04-14","2015-04-14","ONAQ_012.E.20140911.cc.01","NEON.BET.D15.000156","vial of pooled individuals",,,,,,"D15.2014.MorphB",""American Beetles" Arnett/Thomas","z9Nb0fxJczdmi0utaYua6PSPTHDIrAD9","/h2P7iNCFob6MrtXvZ/0KV0VExqkPzVY","Tribe: Lebiini",0
"CEAAEFB268AC4FBCA335580B9C0B0776","D15","ONAQ","ONAQ_012","E","2014-09-11","2015-04-14","2015-04-14","ONAQ_012.E.20140911.cc.01","NEON.BET.D15.000155","vial of pooled individuals",,,,,,"D15.2014.MorphB",""American Beetles" Arnett/Thomas","z9Nb0fxJczdmi0utaYua6PSPTHDIrAD9","/h2P7iNCFob6MrtXvZ/0KV0VExqkPzVY","Tribe: Lebiini",0
"E97A3E3630774B55AEDB4F4C59305464","D15","ONAQ","ONAQ_012","W","2014-09-11","2015-04-14","2015-04-14","ONAQ_012.W.20140911.cc.01","NEON.BET.D15.000148","vial of pooled individuals",,,,,,"D15.2014.MorphB",""American Beetles" Arnett/Thomas","z9Nb0fxJczdmi0utaYua6PSPTHDIrAD9","/h2P7iNCFob6MrtXvZ/0KV0VExqkPzVY","Tribe: Lebiini",0
"2DCCCBECF0BB4909BB51EFCAA2AB0154","D15","ONAQ","ONAQ_012","W","2014-09-11","2015-04-14","2015-04-14","ONAQ_012.W.20140911.cc.01","NEON.BET.D15.000149","vial of pooled individuals",,,,,,"D15.2014.MorphB",""American Beetles" Arnett/Thomas","z9Nb0fxJczdmi0utaYua6PSPTHDIrAD9","/h2P7iNCFob6MrtXvZ/0KV0VExqkPzVY","Tribe: Lebiini",0
"EFA48025D17E48C98908DF17E30380FB","D15","ONAQ","ONAQ_012","N","2014-09-11","2015-04-14","2015-04-14","ONAQ_012.N.20140911.cc.01","NEON.BET.D15.000124","vial of pooled individuals",,,,,,"D15.2014.MorphB",""American Beetles" Arnett/Thomas","z9Nb0fxJczdmi0utaYua6PSPTHDIrAD9","/h2P7iNCFob6MrtXvZ/0KV0VExqkPzVY","Tribe: Lebiini",0
"0E8885ADA86F4C8882FD6B793A2A8CD8","D15","ONAQ","ONAQ_012","N","2014-09-11","2015-04-14","2015-04-14","ONAQ_012.N.20140911.cc.01","NEON.BET.D15.000125","vial of pooled individuals",,,,,,"D15.2014.MorphB",""American Beetles" Arnett/Thomas","z9Nb0fxJczdmi0utaYua6PSPTHDIrAD9","/h2P7iNCFob6MrtXvZ/0KV0VExqkPzVY","Tribe: Lebiini",0
