"uid","domainID","siteID","plotID","trapID","nlcdClass","decimalLatitude","decimalLongitude","geodeticDatum","coordinateUncertainty","elevation","elevationUncertainty","setDate","collectDate","boutNumber","eventID","sampleID","daysOfTrapping","cupStatus","lidStatus","fluidLevel","trapReset","samplingProtocol","recordedBy","remarks","missingRecordsPerBoutQF","duplicateCollectionEventQF","compareSetCollectDateQF"
"7448448BFF31424BA335FD4E0087BB8A","D09","WOOD","WOOD_021","W","emergentHerbaceousWetlands",47.146636,-99.247843,"WGS84",1.1,0.0,0.2,,"2014-06-04",1,"BET.WOOD_021.2014.01",,,,,,,"NEON.DOC.014050",,"This record is generated by the system",1,,
"004CA953D69A46358EA870F80A112E15","D09","WOOD","WOOD_003","E","grasslandHerbaceous",47.118582,-99.239681,"WGS84",1.1,0.0,0.2,"2014-05-21","2014-06-04",1,"BET.WOOD_003.2014.01","WOOD_003.E.20140604",14,"ok","ok","ok","Y","NEON.DOC.014050","9hOSS3gpVvHUvdbHcI4XlVp94UoAF+Qh",,0,0,0
"8A90D077DB6144EABC34BD91EA6B7F58","D09","WOOD","WOOD_003","S","grasslandHerbaceous",47.118401,-99.239943,"WGS84",1.1,0.0,0.2,"2014-05-21","2014-06-04",1,"BET.WOOD_003.2014.01","WOOD_003.S.20140604",14,"ok","ok","ok","Y","NEON.DOC.014050","9hOSS3gpVvHUvdbHcI4XlVp94UoAF+Qh",,0,0,0
"C9793B3C7CA44890A0DEE240B2F15247","D09","WOOD","WOOD_003","N","grasslandHerbaceous",47.118761,-99.239945,"WGS84",1.1,0.0,0.2,"2014-05-21","2014-06-04",1,"BET.WOOD_003.2014.01","WOOD_003.N.20140604",14,"ok","ok","ok","Y","NEON.DOC.014050","9hOSS3gpVvHUvdbHcI4XlVp94UoAF+Qh",,0,0,0
"BA92958741C940AEB919958E29CDB1D2","D09","WOOD","WOOD_003","W","grasslandHerbaceous",47.118581,-99.240208,"WGS84",1.1,0.0,0.2,"2014-05-21","2014-06-04",1,"BET.WOOD_003.2014.01","WOOD_003.W.20140604",14,"ok","ok","ok","Y","NEON.DOC.014050","9hOSS3gpVvHUvdbHcI4XlVp94UoAF+Qh",,0,0,0
"D49E244FC57C43C9BA2397685AC32E1A","D09","WOOD","WOOD_002","E","grasslandHerbaceous",47.136135,-99.232632,"WGS84",1.1,0.0,0.2,"2014-05-21","2014-06-04",1,"BET.WOOD_002.2014.01","WOOD_002.E.20140604",14,"ok","ok","ok","Y","NEON.DOC.014050","9hOSS3gpVvHUvdbHcI4XlVp94UoAF+Qh",,0,0,0
"D523F6C6D9004F258B6861CCDAF5D473","D09","WOOD","WOOD_002","N","grasslandHerbaceous",47.136314,-99.232896,"WGS84",1.1,0.0,0.2,"2014-05-21","2014-06-04",1,"BET.WOOD_002.2014.01","WOOD_002.N.20140604",14,"ok","ok","ok","Y","NEON.DOC.014050","9hOSS3gpVvHUvdbHcI4XlVp94UoAF+Qh",,0,0,0
"272CE16A6C924309A01796BB5B590131","D09","WOOD","WOOD_002","S","grasslandHerbaceous",47.135954,-99.232895,"WGS84",1.1,0.0,0.2,"2014-05-21","2014-06-04",1,"BET.WOOD_002.2014.01","WOOD_002.S.20140604",14,"ok","ok","ok","Y","NEON.DOC.014050","9hOSS3gpVvHUvdbHcI4XlVp94UoAF+Qh",,0,0,0
"4A9C3AC9DAC54D59B57CDD8D4552E8F6","D09","WOOD","WOOD_002","W","grasslandHerbaceous",47.136133,-99.233159,"WGS84",1.1,0.0,0.2,"2014-05-21","2014-06-04",1,"BET.WOOD_002.2014.01","WOOD_002.W.20140604",14,"ok","ok","ok","Y","NEON.DOC.014050","9hOSS3gpVvHUvdbHcI4XlVp94UoAF+Qh",,0,0,0
"DEDF323829A647439F75371BAE0D3553","D09","WOOD","WOOD_001","W","grasslandHerbaceous",47.128257,-99.258032,"WGS84",1.1,0.0,0.2,"2014-05-21","2014-06-04",1,"BET.WOOD_001.2014.01","WOOD_001.W.20140604",14,"ok","ok","ok","Y","NEON.DOC.014050","a/0SlN26fEtmJ3LLysIxkaRUfZvckIBE",,0,0,0
"172AC66449DC4369990F662DFCCD4D32","D09","WOOD","WOOD_001","E","grasslandHerbaceous",47.128258,-99.257504,"WGS84",1.1,0.0,0.2,"2014-05-21","2014-06-04",1,"BET.WOOD_001.2014.01","WOOD_001.E.20140604",14,"ok","ok","ok","Y","NEON.DOC.014050","a/0SlN26fEtmJ3LLysIxkaRUfZvckIBE",,0,0,0
"AB65D349A0F34E6FAE395A19D334CE90","D09","WOOD","WOOD_001","S","grasslandHerbaceous",47.128078,-99.257767,"WGS84",1.1,0.0,0.2,"2014-05-21","2014-06-04",1,"BET.WOOD_001.2014.01","WOOD_001.S.20140604",14,"ok","ok","ok","Y","NEON.DOC.014050","a/0SlN26fEtmJ3LLysIxkaRUfZvckIBE",,0,0,0
"6E766157E0B843F1BFAD61888C40DF20","D09","WOOD","WOOD_001","N","grasslandHerbaceous",47.128438,-99.257769,"WGS84",1.1,0.0,0.2,"2014-05-21","2014-06-04",1,"BET.WOOD_001.2014.01","WOOD_001.N.20140604",14,"ok","ok","ok","Y","NEON.DOC.014050","a/0SlN26fEtmJ3LLysIxkaRUfZvckIBE",,0,0,0
"311048A5F9D84362A33CEE3B3ECABF5A","D09","WOOD","WOOD_007","S","grasslandHerbaceous",47.134575,-99.249894,"WGS84",1.1,0.0,0.1,"2014-05-21","2014-06-04",1,"BET.WOOD_007.2014.01","WOOD_007.S.20140604",14,"ok","ok","ok","Y","NEON.DOC.014050","a/0SlN26fEtmJ3LLysIxkaRUfZvckIBE",,0,0,0
"B5322575EB3F4326AE7075EB47E8820A","D09","WOOD","WOOD_007","N","grasslandHerbaceous",47.134935,-99.249895,"WGS84",1.1,0.0,0.1,"2014-05-21","2014-06-04",1,"BET.WOOD_007.2014.01","WOOD_007.N.20140604",14,"ok","ok","ok","Y","NEON.DOC.014050","a/0SlN26fEtmJ3LLysIxkaRUfZvckIBE",,0,0,0
"DD7C8E42990F4353947471A53BA38FA8","D09","WOOD","WOOD_007","W","grasslandHerbaceous",47.134755,-99.250158,"WGS84",1.1,0.0,0.1,"2014-05-21","2014-06-04",1,"BET.WOOD_007.2014.01","WOOD_007.W.20140604",14,"ok","ok","ok","Y","NEON.DOC.014050","a/0SlN26fEtmJ3LLysIxkaRUfZvckIBE",,0,0,0
"D8F635DB4E4C4C54A18CE7D5CFA24DEC","D09","WOOD","WOOD_007","E","grasslandHerbaceous",47.134756,-99.249631,"WGS84",1.1,0.0,0.1,"2014-05-21","2014-06-04",1,"BET.WOOD_007.2014.01","WOOD_007.E.20140604",14,"ok","ok","ok","Y","NEON.DOC.014050","a/0SlN26fEtmJ3LLysIxkaRUfZvckIBE",,0,0,0
"497B409705544248AD6C36556364ED18","D09","WOOD","WOOD_006","E","grasslandHerbaceous",47.142319,-99.246909,"WGS84",1.1,0.0,0.2,"2014-05-21","2014-06-04",1,"BET.WOOD_006.2014.01","WOOD_006.E.20140604",14,"ok","ok","ok","Y","NEON.DOC.014050","9hOSS3gpVvHUvdbHcI4XlVp94UoAF+Qh",,0,0,0
"3D6B0EB315BD483D9E766CF2C010A5A9","D09","WOOD","WOOD_006","N","grasslandHerbaceous",47.142498,-99.247173,"WGS84",1.1,0.0,0.2,"2014-05-21","2014-06-04",1,"BET.WOOD_006.2014.01","WOOD_006.N.20140604",14,"ok","ok","ok","Y","NEON.DOC.014050","9hOSS3gpVvHUvdbHcI4XlVp94UoAF+Qh",,0,0,0
"F829EBC996F849B8897633B05356C68E","D09","WOOD","WOOD_006","S","grasslandHerbaceous",47.142138,-99.247172,"WGS84",1.1,0.0,0.2,"2014-05-21","2014-06-04",1,"BET.WOOD_006.2014.01","WOOD_006.S.20140604",14,"ok","ok","ok","Y","NEON.DOC.014050","9hOSS3gpVvHUvdbHcI4XlVp94UoAF+Qh",,0,0,0
"0B27515FD7044C109A32E6A56D716576","D09","WOOD","WOOD_006","W","grasslandHerbaceous",47.142318,-99.247436,"WGS84",1.1,0.0,0.2,"2014-05-21","2014-06-04",1,"BET.WOOD_006.2014.01","WOOD_006.W.20140604",14,"disturbed","ok","ok","Y","NEON.DOC.014050","9hOSS3gpVvHUvdbHcI4XlVp94UoAF+Qh","Dirt fell into the trap.",0,0,0
"079892A642F44DBB85B8F8C6CA406E59","D09","WOOD","WOOD_005","W","grasslandHerbaceous",47.149339,-99.252192,"WGS84",1.1,0.0,0.2,"2014-05-21","2014-06-04",1,"BET.WOOD_005.2014.01","WOOD_005.W.20140604",14,"ok","ok","ok","Y","NEON.DOC.014050","9hOSS3gpVvHUvdbHcI4XlVp94UoAF+Qh",,0,0,0
"73A9540FAFC849EBA47946F96246657B","D09","WOOD","WOOD_005","N","grasslandHerbaceous",47.149519,-99.251929,"WGS84",1.1,0.0,0.2,"2014-05-21","2014-06-04",1,"BET.WOOD_005.2014.01","WOOD_005.N.20140604",14,"ok","ok","ok","Y","NEON.DOC.014050","9hOSS3gpVvHUvdbHcI4XlVp94UoAF+Qh",,0,0,0
"20C2E2B87414411DABA525A6F4672A9A","D09","WOOD","WOOD_005","S","grasslandHerbaceous",47.149159,-99.251927,"WGS84",1.1,0.0,0.2,"2014-05-21","2014-06-04",1,"BET.WOOD_005.2014.01","WOOD_005.S.20140604",14,"ok","ok","ok","Y","NEON.DOC.014050","9hOSS3gpVvHUvdbHcI4XlVp94UoAF+Qh",,0,0,0
"87AEB5300D804A95A1FA66E814465E84","D09","WOOD","WOOD_005","E","grasslandHerbaceous",47.149340,-99.251664,"WGS84",1.1,0.0,0.2,"2014-05-21","2014-06-04",1,"BET.WOOD_005.2014.01","WOOD_005.E.20140604",14,"ok","ok","ok","Y","NEON.DOC.014050","9hOSS3gpVvHUvdbHcI4XlVp94UoAF+Qh",,0,0,0
"999E03276A1049E78BD4ED67A013582E","D09","WOOD","WOOD_004","W","grasslandHerbaceous",47.125839,-99.254065,"WGS84",1.1,0.0,0.2,"2014-05-21","2014-06-04",1,"BET.WOOD_004.2014.01","WOOD_004.W.20140604",14,"ok","ok","ok","Y","NEON.DOC.014050","a/0SlN26fEtmJ3LLysIxkaRUfZvckIBE",,0,0,0
"14E5EAF74E95472194B6760C133092C6","D09","WOOD","WOOD_004","N","grasslandHerbaceous",47.126020,-99.253802,"WGS84",1.1,0.0,0.2,"2014-05-21","2014-06-04",1,"BET.WOOD_004.2014.01","WOOD_004.N.20140604",14,"ok","ok","ok","Y","NEON.DOC.014050","a/0SlN26fEtmJ3LLysIxkaRUfZvckIBE",,0,0,0
"5314F5E704314062B0AAF83BFB765FEF","D09","WOOD","WOOD_004","S","grasslandHerbaceous",47.125660,-99.253800,"WGS84",1.1,0.0,0.2,"2014-05-21","2014-06-04",1,"BET.WOOD_004.2014.01","WOOD_004.S.20140604",14,"ok","ok","ok","Y","NEON.DOC.014050","a/0SlN26fEtmJ3LLysIxkaRUfZvckIBE",,0,0,0
"65596DCF04D342A586B77F5ECB4DCCCA","D09","WOOD","WOOD_004","E","grasslandHerbaceous",47.125840,-99.253537,"WGS84",1.1,0.0,0.2,"2014-05-21","2014-06-04",1,"BET.WOOD_004.2014.01","WOOD_004.E.20140604",14,"ok","ok","ok","Y","NEON.DOC.014050","a/0SlN26fEtmJ3LLysIxkaRUfZvckIBE",,0,0,0
"489385D50C1245F6B05866E976F0EAB1","D09","WOOD","WOOD_023","S","emergentHerbaceousWetlands",47.129938,-99.267269,"WGS84",1.1,0.0,0.1,"2014-05-21","2014-06-04",1,"BET.WOOD_023.2014.01","WOOD_023.S.20140604",14,"ok","ok","ok","Y","NEON.DOC.014050","a/0SlN26fEtmJ3LLysIxkaRUfZvckIBE","2 Sides of trap blocked by soil.",0,0,0
"75B892D204C14CC8BA5DC8FE5142D296","D09","WOOD","WOOD_023","E","emergentHerbaceousWetlands",47.130119,-99.267006,"WGS84",1.1,0.0,0.1,,"2014-06-04",1,"BET.WOOD_023.2014.01",,,,,,,"NEON.DOC.014050",,"This record is generated by the system",1,,
"9336B53002B746959CA045D8BD216C75","D09","WOOD","WOOD_023","N","emergentHerbaceousWetlands",47.130298,-99.267271,"WGS84",1.1,0.0,0.1,"2014-05-21","2014-06-04",1,"BET.WOOD_023.2014.01","WOOD_023.N.20140604",14,"ok","ok","ok","Y","NEON.DOC.014050","a/0SlN26fEtmJ3LLysIxkaRUfZvckIBE","Gap between cup and soil caused by rain.",0,0,0
"D0F3EEC94ABA4ADDA7AC2912A8F40E6D","D09","WOOD","WOOD_023","W","emergentHerbaceousWetlands",47.130117,-99.267534,"WGS84",1.1,0.0,0.1,,"2014-06-04",1,"BET.WOOD_023.2014.01",,,,,,,"NEON.DOC.014050",,"This record is generated by the system",1,,
"C5FFE476AD434B65B39748CB54B6D034","D09","WOOD","WOOD_022","S","emergentHerbaceousWetlands",47.146168,-99.263443,"WGS84",1.1,592.4,0.1,"2014-05-21","2014-06-04",1,"BET.WOOD_022.2014.01","WOOD_022.S.20140604",14,"ok","ok","ok","Y","NEON.DOC.014050","9hOSS3gpVvHUvdbHcI4XlVp94UoAF+Qh",,0,0,0
"6F3DCC4693E847BD9F03809D6E3A279F","D09","WOOD","WOOD_022","N","emergentHerbaceousWetlands",47.146528,-99.263445,"WGS84",1.1,592.4,0.1,,"2014-06-04",1,"BET.WOOD_022.2014.01",,,,,,,"NEON.DOC.014050",,"This record is generated by the system",1,,
"B0ED05606F154135864E1A83A3871963","D09","WOOD","WOOD_022","W","emergentHerbaceousWetlands",47.146348,-99.263708,"WGS84",1.1,592.4,0.1,"2014-05-21","2014-06-04",1,"BET.WOOD_022.2014.01","WOOD_022.W.20140604",14,"ok","ok","ok","Y","NEON.DOC.014050","9hOSS3gpVvHUvdbHcI4XlVp94UoAF+Qh",,0,0,0
"FD275C2A3B4B4304A56D84B7E962DA42","D09","WOOD","WOOD_022","E","emergentHerbaceousWetlands",47.146349,-99.263180,"WGS84",1.1,592.4,0.1,,"2014-06-04",1,"BET.WOOD_022.2014.01",,,,,,,"NEON.DOC.014050",,"This record is generated by the system",1,,
"3260DBD5138F4118A6C6EE453D8E353F","D09","WOOD","WOOD_021","E","emergentHerbaceousWetlands",47.146637,-99.247315,"WGS84",1.1,0.0,0.2,"2014-05-21","2014-06-04",1,"BET.WOOD_021.2014.01","WOOD_021.E.20140604",14,"ok","ok","ok","Y","NEON.DOC.014050","9hOSS3gpVvHUvdbHcI4XlVp94UoAF+Qh",,0,0,0
"E542265224EF4722AC8C1F432C2E4E28","D09","WOOD","WOOD_021","N","emergentHerbaceousWetlands",47.146817,-99.247580,"WGS84",1.1,0.0,0.2,,"2014-06-04",1,"BET.WOOD_021.2014.01",,,,,,,"NEON.DOC.014050",,"This record is generated by the system",1,,
"F7A5CF2D1A914C0F833D6368F131D933","D09","WOOD","WOOD_021","S","emergentHerbaceousWetlands",47.146457,-99.247578,"WGS84",1.1,0.0,0.2,,"2014-06-04",1,"BET.WOOD_021.2014.01",,,,,,,"NEON.DOC.014050",,"This record is generated by the system",1,,
"E86AB996BCBD4EBC9E2655A43A5CBDAC","D09","WOOD","WOOD_021","W","emergentHerbaceousWetlands",47.146636,-99.247843,"WGS84",1.1,0.0,0.2,,"2014-06-18",2,"BET.WOOD_021.2014.02",,,,,,,"NEON.DOC.014050",,"This record is generated by the system",1,,
"C99C861DD98D448EB79E9D2D2B12F349","D09","WOOD","WOOD_003","W","grasslandHerbaceous",47.118581,-99.240208,"WGS84",1.1,0.0,0.2,"2014-06-04","2014-06-18",2,"BET.WOOD_003.2014.02","WOOD_003.W.20140618",14,"ok","ok","ok","Y","NEON.DOC.014050","ZSvzx6rh21dmQ1ESnLmo4Z+L72sTfFgq",,0,0,0
"1C33FE79F36B4178811E0C314C22264F","D09","WOOD","WOOD_003","N","grasslandHerbaceous",47.118761,-99.239945,"WGS84",1.1,0.0,0.2,"2014-06-04","2014-06-18",2,"BET.WOOD_003.2014.02","WOOD_003.N.20140618",14,"ok","ok","ok","Y","NEON.DOC.014050","ZSvzx6rh21dmQ1ESnLmo4Z+L72sTfFgq",,0,0,0
"81B1572902EC4661A26EF70CCC466242","D09","WOOD","WOOD_003","S","grasslandHerbaceous",47.118401,-99.239943,"WGS84",1.1,0.0,0.2,"2014-06-04","2014-06-18",2,"BET.WOOD_003.2014.02","WOOD_003.S.20140618",14,"ok","ok","ok","Y","NEON.DOC.014050","ZSvzx6rh21dmQ1ESnLmo4Z+L72sTfFgq",,0,0,0
"2778BEAD375A488AB0A52032C07DB26B","D09","WOOD","WOOD_003","E","grasslandHerbaceous",47.118582,-99.239681,"WGS84",1.1,0.0,0.2,"2014-06-04","2014-06-18",2,"BET.WOOD_003.2014.02","WOOD_003.E.20140618",14,"ok","ok","ok","Y","NEON.DOC.014050","ZSvzx6rh21dmQ1ESnLmo4Z+L72sTfFgq",,0,0,0
"A35B4F70A65C485888C6BF1C36EF438E","D09","WOOD","WOOD_002","S","grasslandHerbaceous",47.135954,-99.232895,"WGS84",1.1,0.0,0.2,"2014-06-04","2014-06-18",2,"BET.WOOD_002.2014.02","WOOD_002.S.20140618",14,"ok","ok","ok","Y","NEON.DOC.014050","a/0SlN26fEtmJ3LLysIxkaRUfZvckIBE",,0,0,0
"3B44613896A94AFBA336E3F339090EC8","D09","WOOD","WOOD_002","N","grasslandHerbaceous",47.136314,-99.232896,"WGS84",1.1,0.0,0.2,"2014-06-04","2014-06-18",2,"BET.WOOD_002.2014.02","WOOD_002.N.20140618",14,"ok","ok","ok","Y","NEON.DOC.014050","a/0SlN26fEtmJ3LLysIxkaRUfZvckIBE",,0,0,0
"A27DF44BD94F406FA2574E0C0E6D3BA3","D09","WOOD","WOOD_002","E","grasslandHerbaceous",47.136135,-99.232632,"WGS84",1.1,0.0,0.2,"2014-06-04","2014-06-18",2,"BET.WOOD_002.2014.02","WOOD_002.E.20140618",14,"ok","ok","ok","Y","NEON.DOC.014050","a/0SlN26fEtmJ3LLysIxkaRUfZvckIBE",,0,0,0
"3CA01D9C3B1B46CF942205D588765103","D09","WOOD","WOOD_002","W","grasslandHerbaceous",47.136133,-99.233159,"WGS84",1.1,0.0,0.2,"2014-06-04","2014-06-18",2,"BET.WOOD_002.2014.02","WOOD_002.W.20140618",14,"ok","ok","ok","Y","NEON.DOC.014050","a/0SlN26fEtmJ3LLysIxkaRUfZvckIBE",,0,0,0
"18A5129F2BD049A282894454D9A43353","D09","WOOD","WOOD_001","N","grasslandHerbaceous",47.128438,-99.257769,"WGS84",1.1,0.0,0.2,"2014-06-04","2014-06-18",2,"BET.WOOD_001.2014.02","WOOD_001.N.20140618",14,"ok","ok","ok","Y","NEON.DOC.014050","a/0SlN26fEtmJ3LLysIxkaRUfZvckIBE",,0,0,0
"C4BB542E6048477EAAD920738BE751ED","D09","WOOD","WOOD_001","E","grasslandHerbaceous",47.128258,-99.257504,"WGS84",1.1,0.0,0.2,"2014-06-04","2014-06-18",2,"BET.WOOD_001.2014.02","WOOD_001.E.20140618",14,"ok","ok","ok","Y","NEON.DOC.014050","a/0SlN26fEtmJ3LLysIxkaRUfZvckIBE",,0,0,0
"16079031B63044328C48630E7F667278","D09","WOOD","WOOD_001","W","grasslandHerbaceous",47.128257,-99.258032,"WGS84",1.1,0.0,0.2,"2014-06-04","2014-06-18",2,"BET.WOOD_001.2014.02","WOOD_001.W.20140618",14,"ok","ok","ok","Y","NEON.DOC.014050","a/0SlN26fEtmJ3LLysIxkaRUfZvckIBE",,0,0,0
"EC2138503CEE42EF9D66132DFA5D0444","D09","WOOD","WOOD_001","S","grasslandHerbaceous",47.128078,-99.257767,"WGS84",1.1,0.0,0.2,"2014-06-04","2014-06-18",2,"BET.WOOD_001.2014.02","WOOD_001.S.20140618",14,"ok","ok","ok","Y","NEON.DOC.014050","a/0SlN26fEtmJ3LLysIxkaRUfZvckIBE",,0,0,0
"865E1A02BC1E4EAF8772796D3DB94F4B","D09","WOOD","WOOD_007","W","grasslandHerbaceous",47.134755,-99.250158,"WGS84",1.1,0.0,0.1,"2014-06-04","2014-06-18",2,"BET.WOOD_007.2014.02","WOOD_007.W.20140618",14,"ok","ok","ok","Y","NEON.DOC.014050","a/0SlN26fEtmJ3LLysIxkaRUfZvckIBE",,0,0,0
"9A6061AF4962426E971E325C83C7ADEA","D09","WOOD","WOOD_007","E","grasslandHerbaceous",47.134756,-99.249631,"WGS84",1.1,0.0,0.1,"2014-06-04","2014-06-18",2,"BET.WOOD_007.2014.02","WOOD_007.E.20140618",14,"ok","ok","ok","Y","NEON.DOC.014050","a/0SlN26fEtmJ3LLysIxkaRUfZvckIBE",,0,0,0
"DC68268E1CD14DFF9C5DF8D26E0814E0","D09","WOOD","WOOD_007","N","grasslandHerbaceous",47.134935,-99.249895,"WGS84",1.1,0.0,0.1,"2014-06-04","2014-06-18",2,"BET.WOOD_007.2014.02","WOOD_007.N.20140618",14,"ok","ok","ok","Y","NEON.DOC.014050","a/0SlN26fEtmJ3LLysIxkaRUfZvckIBE",,0,0,0
"740F0CFE2E4D4E768D195D68B0D17C75","D09","WOOD","WOOD_007","S","grasslandHerbaceous",47.134575,-99.249894,"WGS84",1.1,0.0,0.1,"2014-06-04","2014-06-18",2,"BET.WOOD_007.2014.02","WOOD_007.S.20140618",14,"ok","ok","ok","Y","NEON.DOC.014050","a/0SlN26fEtmJ3LLysIxkaRUfZvckIBE",,0,0,0
"FC23B7891B4347AA8693D9534D2F39C7","D09","WOOD","WOOD_006","W","grasslandHerbaceous",47.142318,-99.247436,"WGS84",1.1,0.0,0.2,"2014-06-04","2014-06-18",2,"BET.WOOD_006.2014.02","WOOD_006.W.20140618",14,"disturbed","ok","ok","Y","NEON.DOC.014050","ZSvzx6rh21dmQ1ESnLmo4Z+L72sTfFgq","West cup too high, dug new pitfall.",0,0,0
"B75DBFFC2EAD4DD5A6FF49778BA59DE2","D09","WOOD","WOOD_006","S","grasslandHerbaceous",47.142138,-99.247172,"WGS84",1.1,0.0,0.2,"2014-06-04","2014-06-18",2,"BET.WOOD_006.2014.02","WOOD_006.S.20140618",14,"ok","ok","ok","Y","NEON.DOC.014050","ZSvzx6rh21dmQ1ESnLmo4Z+L72sTfFgq",,0,0,0
"2F7311B58EC74D9CBB84A159F0BD0B8D","D09","WOOD","WOOD_006","E","grasslandHerbaceous",47.142319,-99.246909,"WGS84",1.1,0.0,0.2,"2014-06-04","2014-06-18",2,"BET.WOOD_006.2014.02","WOOD_006.E.20140618",14,"ok","ok","ok","Y","NEON.DOC.014050","ZSvzx6rh21dmQ1ESnLmo4Z+L72sTfFgq",,0,0,0
"088BFEE9E7F848AABF60E340D3B4D8F8","D09","WOOD","WOOD_006","N","grasslandHerbaceous",47.142498,-99.247173,"WGS84",1.1,0.0,0.2,"2014-06-04","2014-06-18",2,"BET.WOOD_006.2014.02","WOOD_006.N.20140618",14,"ok","ok","ok","Y","NEON.DOC.014050","ZSvzx6rh21dmQ1ESnLmo4Z+L72sTfFgq",,0,0,0
"7A20F0325AE5437CA65406566E2EE76E","D09","WOOD","WOOD_005","W","grasslandHerbaceous",47.149339,-99.252192,"WGS84",1.1,0.0,0.2,"2014-06-04","2014-06-18",2,"BET.WOOD_005.2014.02","WOOD_005.W.20140618",14,"ok","ok","ok","Y","NEON.DOC.014050","ZSvzx6rh21dmQ1ESnLmo4Z+L72sTfFgq",,0,0,0
"FA82E695371048F4AD671A73F5E33F1D","D09","WOOD","WOOD_005","E","grasslandHerbaceous",47.149340,-99.251664,"WGS84",1.1,0.0,0.2,"2014-06-04","2014-06-18",2,"BET.WOOD_005.2014.02","WOOD_005.E.20140618",14,"ok","ok","ok","Y","NEON.DOC.014050","ZSvzx6rh21dmQ1ESnLmo4Z+L72sTfFgq",,0,0,0
"DA21BBF9F43C48E083FD6246A70DF07F","D09","WOOD","WOOD_005","S","grasslandHerbaceous",47.149159,-99.251927,"WGS84",1.1,0.0,0.2,"2014-06-04","2014-06-18",2,"BET.WOOD_005.2014.02","WOOD_005.S.20140618",14,"ok","ok","ok","Y","NEON.DOC.014050","ZSvzx6rh21dmQ1ESnLmo4Z+L72sTfFgq",,0,0,0
"F0027AD5371240ABB42BE892FA605526","D09","WOOD","WOOD_005","N","grasslandHerbaceous",47.149519,-99.251929,"WGS84",1.1,0.0,0.2,"2014-06-04","2014-06-18",2,"BET.WOOD_005.2014.02","WOOD_005.N.20140618",14,"ok","ok","ok","Y","NEON.DOC.014050","ZSvzx6rh21dmQ1ESnLmo4Z+L72sTfFgq",,0,0,0
"1841B1E3C7C648AEAFF47138916DB6EE","D09","WOOD","WOOD_004","S","grasslandHerbaceous",47.125660,-99.253800,"WGS84",1.1,0.0,0.2,"2014-06-04","2014-06-18",2,"BET.WOOD_004.2014.02","WOOD_004.S.20140618",14,"ok","ok","ok","Y","NEON.DOC.014050","a/0SlN26fEtmJ3LLysIxkaRUfZvckIBE",,0,0,0
"4309251A988B4E12B54380B25E5B966A","D09","WOOD","WOOD_004","E","grasslandHerbaceous",47.125840,-99.253537,"WGS84",1.1,0.0,0.2,"2014-06-04","2014-06-18",2,"BET.WOOD_004.2014.02","WOOD_004.E.20140618",14,"ok","ok","ok","Y","NEON.DOC.014050","a/0SlN26fEtmJ3LLysIxkaRUfZvckIBE",,0,0,0
"1BA64192FD3F4FC685ED044B3BEFBEAE","D09","WOOD","WOOD_004","W","grasslandHerbaceous",47.125839,-99.254065,"WGS84",1.1,0.0,0.2,"2014-06-04","2014-06-18",2,"BET.WOOD_004.2014.02","WOOD_004.W.20140618",14,"ok","ok","ok","Y","NEON.DOC.014050","a/0SlN26fEtmJ3LLysIxkaRUfZvckIBE",,0,0,0
"83E722507E724ED68DF083A54F3AE2FB","D09","WOOD","WOOD_004","N","grasslandHerbaceous",47.126020,-99.253802,"WGS84",1.1,0.0,0.2,"2014-06-04","2014-06-18",2,"BET.WOOD_004.2014.02","WOOD_004.N.20140618",14,"ok","ok","ok","Y","NEON.DOC.014050","a/0SlN26fEtmJ3LLysIxkaRUfZvckIBE",,0,0,0
"5939E4F09549432092E1DAE14BE1E90F","D09","WOOD","WOOD_023","W","emergentHerbaceousWetlands",47.130117,-99.267534,"WGS84",1.1,0.0,0.1,,"2014-06-18",2,"BET.WOOD_023.2014.02",,,,,,,"NEON.DOC.014050",,"This record is generated by the system",1,,
"D7F282A89B8C485680AA9EB8F1A6A523","D09","WOOD","WOOD_023","E","emergentHerbaceousWetlands",47.130119,-99.267006,"WGS84",1.1,0.0,0.1,,"2014-06-18",2,"BET.WOOD_023.2014.02",,,,,,,"NEON.DOC.014050",,"This record is generated by the system",1,,
"25987932BD244CD2B424A416C3FE9CA4","D09","WOOD","WOOD_023","N","emergentHerbaceousWetlands",47.130298,-99.267271,"WGS84",1.1,0.0,0.1,"2014-06-04","2014-06-18",2,"BET.WOOD_023.2014.02","WOOD_023.N.20140618",14,"ok","ok","ok","Y","NEON.DOC.014050","a/0SlN26fEtmJ3LLysIxkaRUfZvckIBE",,0,0,0
"554E224340DE4E199A6B2E8731A9BA65","D09","WOOD","WOOD_023","S","emergentHerbaceousWetlands",47.129938,-99.267269,"WGS84",1.1,0.0,0.1,"2014-06-04","2014-06-18",2,"BET.WOOD_023.2014.02","WOOD_023.S.20140618",14,"ok","ok","ok","Y","NEON.DOC.014050","a/0SlN26fEtmJ3LLysIxkaRUfZvckIBE",,0,0,0
"A40557A2EF48409582D8FDF8A0489833","D09","WOOD","WOOD_022","E","emergentHerbaceousWetlands",47.146349,-99.263180,"WGS84",1.1,592.4,0.1,,"2014-06-18",2,"BET.WOOD_022.2014.02",,,,,,,"NEON.DOC.014050",,"This record is generated by the system",1,,
"90EE5CF084104BEEAF2636A7DF08FBA0","D09","WOOD","WOOD_022","N","emergentHerbaceousWetlands",47.146528,-99.263445,"WGS84",1.1,592.4,0.1,,"2014-06-18",2,"BET.WOOD_022.2014.02",,,,,,,"NEON.DOC.014050",,"This record is generated by the system",1,,
"867FAC5C03CE4ACC82F2CE16751E6BB4","D09","WOOD","WOOD_022","W","emergentHerbaceousWetlands",47.146348,-99.263708,"WGS84",1.1,592.4,0.1,"2014-06-04","2014-06-18",2,"BET.WOOD_022.2014.02","WOOD_022.W.20140618",14,"ok","ok","ok","N","NEON.DOC.014050","a/0SlN26fEtmJ3LLysIxkaRUfZvckIBE","Trap removed.",0,0,0
"93776D8044AE472A8D90DFE812443703","D09","WOOD","WOOD_022","S","emergentHerbaceousWetlands",47.146168,-99.263443,"WGS84",1.1,592.4,0.1,"2014-06-04","2014-06-18",2,"BET.WOOD_022.2014.02","WOOD_022.S.20140618",14,"ok","ok","ok","N","NEON.DOC.014050","a/0SlN26fEtmJ3LLysIxkaRUfZvckIBE","Trap removed.",0,0,0
"CBF34D28D04D403B98A45522FA45241A","D09","WOOD","WOOD_021","N","emergentHerbaceousWetlands",47.146817,-99.247580,"WGS84",1.1,0.0,0.2,,"2014-06-18",2,"BET.WOOD_021.2014.02",,,,,,,"NEON.DOC.014050",,"This record is generated by the system",1,,
"38E36474FBB944C795BB0AD3B74DFE87","D09","WOOD","WOOD_021","S","emergentHerbaceousWetlands",47.146457,-99.247578,"WGS84",1.1,0.0,0.2,,"2014-06-18",2,"BET.WOOD_021.2014.02",,,,,,,"NEON.DOC.014050",,"This record is generated by the system",1,,
"8510EEC907794D339C167BFF64E719B5","D09","WOOD","WOOD_021","E","emergentHerbaceousWetlands",47.146637,-99.247315,"WGS84",1.1,0.0,0.2,"2014-06-04","2014-06-18",2,"BET.WOOD_021.2014.02","WOOD_021.E.20140618",14,"ok","ok","ok","Y","NEON.DOC.014050","ZSvzx6rh21dmQ1ESnLmo4Z+L72sTfFgq",,0,0,0
"381B859E8AA5481DAF17DF9F0F95966A","D09","WOOD","WOOD_021","W","emergentHerbaceousWetlands",47.146636,-99.247843,"WGS84",1.1,0.0,0.2,,"2014-07-02",3,"BET.WOOD_021.2014.03",,,,,,,"NEON.DOC.014050",,"This record is generated by the system",1,,
"C2B2A4D8A1A14BF49F2AF6FA25701385","D09","WOOD","WOOD_003","W","grasslandHerbaceous",47.118581,-99.240208,"WGS84",1.1,0.0,0.2,"2014-06-18","2014-07-02",3,"BET.WOOD_003.2014.03","WOOD_003.W.20140702",14,"ok","ok","ok","Y","NEON.DOC.014050","a/0SlN26fEtmJ3LLysIxkaRUfZvckIBE",,0,0,0
"C0784005859543B89C2ABB6D55FDE480","D09","WOOD","WOOD_003","E","grasslandHerbaceous",47.118582,-99.239681,"WGS84",1.1,0.0,0.2,"2014-06-18","2014-07-02",3,"BET.WOOD_003.2014.03","WOOD_003.E.20140702",14,"ok","ok","low","Y","NEON.DOC.014050","a/0SlN26fEtmJ3LLysIxkaRUfZvckIBE",,0,0,0
"AB38260C6B424ACCB029F9CA39F80B6E","D09","WOOD","WOOD_003","N","grasslandHerbaceous",47.118761,-99.239945,"WGS84",1.1,0.0,0.2,"2014-06-18","2014-07-02",3,"BET.WOOD_003.2014.03","WOOD_003.N.20140702",14,"ok","ok","ok","Y","NEON.DOC.014050","a/0SlN26fEtmJ3LLysIxkaRUfZvckIBE",,0,0,0
"19844B485EBA429D9F470A3F29576172","D09","WOOD","WOOD_003","S","grasslandHerbaceous",47.118401,-99.239943,"WGS84",1.1,0.0,0.2,"2014-06-18","2014-07-02",3,"BET.WOOD_003.2014.03","WOOD_003.S.20140702",14,"ok","ok","ok","Y","NEON.DOC.014050","a/0SlN26fEtmJ3LLysIxkaRUfZvckIBE",,0,0,0
"B71BFE61E7FC42A9B6EACB01F1859522","D09","WOOD","WOOD_002","S","grasslandHerbaceous",47.135954,-99.232895,"WGS84",1.1,0.0,0.2,"2014-06-18","2014-07-02",3,"BET.WOOD_002.2014.03","WOOD_002.S.20140702",14,"ok","ok","ok","Y","NEON.DOC.014050","a/0SlN26fEtmJ3LLysIxkaRUfZvckIBE",,0,1,0
"84A879BBC2C943D9B78D3A7D03184B87","D09","WOOD","WOOD_002","N","grasslandHerbaceous",47.136314,-99.232896,"WGS84",1.1,0.0,0.2,"2014-06-18","2014-07-02",3,"BET.WOOD_002.2014.03","WOOD_002.N.20140702",14,"ok","ok","ok","Y","NEON.DOC.014050","a/0SlN26fEtmJ3LLysIxkaRUfZvckIBE",,0,0,0
"68C4F23688144E768C209CF0FB29453B","D09","WOOD","WOOD_002","E","grasslandHerbaceous",47.136135,-99.232632,"WGS84",1.1,0.0,0.2,"2014-06-18","2014-07-02",3,"BET.WOOD_002.2014.03","WOOD_002.E.20140702",14,"ok","ok","ok","Y","NEON.DOC.014050","a/0SlN26fEtmJ3LLysIxkaRUfZvckIBE",,0,0,0
"B9C1FF1DE6124CE9A6A1CB84BD64A502","D09","WOOD","WOOD_002","W","grasslandHerbaceous",47.136133,-99.233159,"WGS84",1.1,0.0,0.2,"2014-06-18","2014-07-02",3,"BET.WOOD_002.2014.03","WOOD_002.W.20140702",14,"ok","ok","ok","Y","NEON.DOC.014050","a/0SlN26fEtmJ3LLysIxkaRUfZvckIBE",,0,0,0
"3C86205169F748B48E23A696BF1A2581","D09","WOOD","WOOD_001","S","grasslandHerbaceous",47.128078,-99.257767,"WGS84",1.1,0.0,0.2,"2014-06-18","2014-07-02",3,"BET.WOOD_001.2014.03","WOOD_001.S.20140702",14,"ok","ok","ok","Y","NEON.DOC.014050","a/0SlN26fEtmJ3LLysIxkaRUfZvckIBE",,0,0,0
"689DDD6BBE1443DB893C2F8B057231A0","D09","WOOD","WOOD_001","W","grasslandHerbaceous",47.128257,-99.258032,"WGS84",1.1,0.0,0.2,"2014-06-18","2014-07-02",3,"BET.WOOD_001.2014.03","WOOD_001.W.20140702",14,"ok","ok","ok","Y","NEON.DOC.014050","a/0SlN26fEtmJ3LLysIxkaRUfZvckIBE",,0,0,0
"0973E2255CBC4C3EB36B48555F40D9D1","D09","WOOD","WOOD_001","N","grasslandHerbaceous",47.128438,-99.257769,"WGS84",1.1,0.0,0.2,"2014-06-18","2014-07-02",3,"BET.WOOD_001.2014.03","WOOD_001.N.20140702",14,"ok","ok","ok","Y","NEON.DOC.014050","a/0SlN26fEtmJ3LLysIxkaRUfZvckIBE",,0,0,0
"44700721810F4C49A537D01A33E2FD6E","D09","WOOD","WOOD_001","E","grasslandHerbaceous",47.128258,-99.257504,"WGS84",1.1,0.0,0.2,"2014-06-18","2014-07-02",3,"BET.WOOD_001.2014.03","WOOD_001.E.20140702",14,"ok","ok","ok","Y","NEON.DOC.014050","a/0SlN26fEtmJ3LLysIxkaRUfZvckIBE",,0,0,0
"D3E11E0FC28C43D9B0D99104537ACC6A","D09","WOOD","WOOD_007","E","grasslandHerbaceous",47.134756,-99.249631,"WGS84",1.1,0.0,0.1,"2014-06-18","2014-07-02",3,"BET.WOOD_007.2014.03","WOOD_007.E.20140702",14,"ok","ok","ok","Y","NEON.DOC.014050","a/0SlN26fEtmJ3LLysIxkaRUfZvckIBE",,0,0,0
"C9AC379E6A7F48079C439BD1B6739A37","D09","WOOD","WOOD_007","S","grasslandHerbaceous",47.134575,-99.249894,"WGS84",1.1,0.0,0.1,"2014-06-18","2014-07-02",3,"BET.WOOD_007.2014.03","WOOD_007.S.20140702",14,"ok","ok","ok","Y","NEON.DOC.014050","a/0SlN26fEtmJ3LLysIxkaRUfZvckIBE",,0,0,0
"48231ED5C13B4B29B8FF2A08540143AB","D09","WOOD","WOOD_007","N","grasslandHerbaceous",47.134935,-99.249895,"WGS84",1.1,0.0,0.1,"2014-06-18","2014-07-02",3,"BET.WOOD_007.2014.03","WOOD_007.N.20140702",14,"ok","ok","ok","Y","NEON.DOC.014050","a/0SlN26fEtmJ3LLysIxkaRUfZvckIBE",,0,0,0
"45EF64184B3A48828ADF87DDD50C6958","D09","WOOD","WOOD_007","W","grasslandHerbaceous",47.134755,-99.250158,"WGS84",1.1,0.0,0.1,"2014-06-18","2014-07-02",3,"BET.WOOD_007.2014.03","WOOD_007.W.20140702",14,"ok","ok","ok","Y","NEON.DOC.014050","a/0SlN26fEtmJ3LLysIxkaRUfZvckIBE",,0,0,0
"90C885AB772247B6891AE177CE425DE7","D09","WOOD","WOOD_006","E","grasslandHerbaceous",47.142319,-99.246909,"WGS84",1.1,0.0,0.2,"2014-06-18","2014-07-02",3,"BET.WOOD_006.2014.03","WOOD_006.E.20140702",14,"ok","ok","ok","Y","NEON.DOC.014050","a/0SlN26fEtmJ3LLysIxkaRUfZvckIBE",,0,0,0
"B4D46CDF8CD04386A62956D856227F2A","D09","WOOD","WOOD_006","W","grasslandHerbaceous",47.142318,-99.247436,"WGS84",1.1,0.0,0.2,"2014-06-18","2014-07-02",3,"BET.WOOD_006.2014.03","WOOD_006.W.20140702",14,"ok","ok","ok","Y","NEON.DOC.014050","a/0SlN26fEtmJ3LLysIxkaRUfZvckIBE",,0,0,0
"FE3FA18EAE7D4AB3BA7F771357A0C881","D09","WOOD","WOOD_006","S","grasslandHerbaceous",47.142138,-99.247172,"WGS84",1.1,0.0,0.2,"2014-06-18","2014-07-02",3,"BET.WOOD_006.2014.03","WOOD_006.S.20140702",14,"ok","ok","ok","Y","NEON.DOC.014050","a/0SlN26fEtmJ3LLysIxkaRUfZvckIBE",,0,0,0
"2631D7D6391F4CDA987A997D3F32F533","D09","WOOD","WOOD_006","N","grasslandHerbaceous",47.142498,-99.247173,"WGS84",1.1,0.0,0.2,"2014-06-18","2014-07-02",3,"BET.WOOD_006.2014.03","WOOD_006.N.20140702",14,"ok","ok","ok","Y","NEON.DOC.014050","a/0SlN26fEtmJ3LLysIxkaRUfZvckIBE",,0,0,0
"84C02B73978B49C3995E4B019AA4FC38","D09","WOOD","WOOD_005","N","grasslandHerbaceous",47.149519,-99.251929,"WGS84",1.1,0.0,0.2,"2014-06-18","2014-07-02",3,"BET.WOOD_005.2014.03","WOOD_005.N.20140702",14,"ok","ok","ok","Y","NEON.DOC.014050","a/0SlN26fEtmJ3LLysIxkaRUfZvckIBE",,0,0,0
"87B84C774D674793A58A803B338D52F6","D09","WOOD","WOOD_005","W","grasslandHerbaceous",47.149339,-99.252192,"WGS84",1.1,0.0,0.2,"2014-06-18","2014-07-02",3,"BET.WOOD_005.2014.03","WOOD_005.W.20140702",14,"ok","ok","ok","Y","NEON.DOC.014050","a/0SlN26fEtmJ3LLysIxkaRUfZvckIBE",,0,0,0
"1AFE234678B847E79054A78518B901E0","D09","WOOD","WOOD_005","E","grasslandHerbaceous",47.149340,-99.251664,"WGS84",1.1,0.0,0.2,"2014-06-18","2014-07-02",3,"BET.WOOD_005.2014.03","WOOD_005.E.20140702",14,"ok","ok","ok","Y","NEON.DOC.014050","a/0SlN26fEtmJ3LLysIxkaRUfZvckIBE",,0,0,0
"42DAAAA0CFDD404A92B36F282FDC625A","D09","WOOD","WOOD_005","S","grasslandHerbaceous",47.149159,-99.251927,"WGS84",1.1,0.0,0.2,"2014-06-18","2014-07-02",3,"BET.WOOD_005.2014.03","WOOD_005.S.20140702",14,"ok","ok","ok","Y","NEON.DOC.014050","a/0SlN26fEtmJ3LLysIxkaRUfZvckIBE",,0,0,0
"42559CCAEB7E4DB1A7BC9ACB42942E27","D09","WOOD","WOOD_004","E","grasslandHerbaceous",47.125840,-99.253537,"WGS84",1.1,0.0,0.2,"2014-06-18","2014-07-02",3,"BET.WOOD_004.2014.03","WOOD_004.E.20140702",14,"ok","ok","ok","Y","NEON.DOC.014050","a/0SlN26fEtmJ3LLysIxkaRUfZvckIBE",,0,0,0
"EAA18FFBEBF74B2582F1F77B9FBA0396","D09","WOOD","WOOD_004","W","grasslandHerbaceous",47.125839,-99.254065,"WGS84",1.1,0.0,0.2,"2014-06-18","2014-07-02",3,"BET.WOOD_004.2014.03","WOOD_004.W.20140702",14,"ok","ok","ok","Y","NEON.DOC.014050","a/0SlN26fEtmJ3LLysIxkaRUfZvckIBE",,0,0,0
"95AE39154D34486499E6563EE0F25969","D09","WOOD","WOOD_004","S","grasslandHerbaceous",47.125660,-99.253800,"WGS84",1.1,0.0,0.2,"2014-06-18","2014-07-02",3,"BET.WOOD_004.2014.03","WOOD_004.S.20140702",14,"ok","ok","ok","Y","NEON.DOC.014050","a/0SlN26fEtmJ3LLysIxkaRUfZvckIBE",,0,0,0
"29663D81A59E48949B736B62625B5007","D09","WOOD","WOOD_004","N","grasslandHerbaceous",47.126020,-99.253802,"WGS84",1.1,0.0,0.2,"2014-06-18","2014-07-02",3,"BET.WOOD_004.2014.03","WOOD_004.N.20140702",14,"ok","ok","ok","Y","NEON.DOC.014050","a/0SlN26fEtmJ3LLysIxkaRUfZvckIBE",,0,0,0
"BC46B30A7E2542DCA5D5CA4B56697884","D09","WOOD","WOOD_024","W","emergentHerbaceousWetlands",47.151170,-99.262912,"WGS84",1.1,0.0,0.1,"2014-06-18","2014-07-02",3,"BET.WOOD_024.2014.03","WOOD_024.W.20140702",14,"disturbed","ok","high","N","NEON.DOC.014050","a/0SlN26fEtmJ3LLysIxkaRUfZvckIBE","Trap under several inches of water. Wetland Plot.",0,0,0
"A20433846F254D70AE83B400F9F8CEA0","D09","WOOD","WOOD_024","E","emergentHerbaceousWetlands",47.151171,-99.262385,"WGS84",1.1,0.0,0.1,,"2014-07-02",3,"BET.WOOD_024.2014.03",,,,,,,"NEON.DOC.014050",,"This record is generated by the system",1,,
"FB2F556DA02A4E8B85AB58DAC7BFDA84","D09","WOOD","WOOD_024","S","emergentHerbaceousWetlands",47.150991,-99.262647,"WGS84",1.1,0.0,0.1,,"2014-07-02",3,"BET.WOOD_024.2014.03",,,,,,,"NEON.DOC.014050",,"This record is generated by the system",1,,
"3F81F3197AE44DD498E2F974AD871018","D09","WOOD","WOOD_024","N","emergentHerbaceousWetlands",47.151351,-99.262649,"WGS84",1.1,0.0,0.1,"2014-06-18","2014-07-02",3,"BET.WOOD_024.2014.03","WOOD_024.N.20140702",14,"ok","ok","ok","Y","NEON.DOC.014050","a/0SlN26fEtmJ3LLysIxkaRUfZvckIBE",,0,0,0
"7E7F71FF431F44A7A10126F15B02BFE7","D09","WOOD","WOOD_023","W","emergentHerbaceousWetlands",47.130117,-99.267534,"WGS84",1.1,0.0,0.1,,"2014-07-02",3,"BET.WOOD_023.2014.03",,,,,,,"NEON.DOC.014050",,"This record is generated by the system",1,,
"CEB777BF230D41F7BDAA25A14FF35FA2","D09","WOOD","WOOD_023","N","emergentHerbaceousWetlands",47.130298,-99.267271,"WGS84",1.1,0.0,0.1,"2014-06-18","2014-07-02",3,"BET.WOOD_023.2014.03","WOOD_023.N.20140702",14,"ok","ok","high","Y","NEON.DOC.014050","a/0SlN26fEtmJ3LLysIxkaRUfZvckIBE",,0,0,0
"87CC1423689F4EB58E74D84895039F90","D09","WOOD","WOOD_023","E","emergentHerbaceousWetlands",47.130119,-99.267006,"WGS84",1.1,0.0,0.1,"2014-06-18","2014-07-02",3,"BET.WOOD_023.2014.03","WOOD_023.E.20140702",14,"ok","ok","high","Y","NEON.DOC.014050","a/0SlN26fEtmJ3LLysIxkaRUfZvckIBE",,0,0,0
"077203E14393403AB86DAF5F4811DEEE","D09","WOOD","WOOD_023","S","emergentHerbaceousWetlands",47.129938,-99.267269,"WGS84",1.1,0.0,0.1,"2014-06-18","2014-07-02",3,"BET.WOOD_023.2014.03","WOOD_023.S.20140702",14,"ok","ok","ok","Y","NEON.DOC.014050","a/0SlN26fEtmJ3LLysIxkaRUfZvckIBE",,0,0,0
"D7D499BCFF8A438FBDD0443E68472E0B","D09","WOOD","WOOD_021","E","emergentHerbaceousWetlands",47.146637,-99.247315,"WGS84",1.1,0.0,0.2,"2014-06-18","2014-07-02",3,"BET.WOOD_021.2014.03","WOOD_021.E.20140702",14,"ok","ok","ok","Y","NEON.DOC.014050","a/0SlN26fEtmJ3LLysIxkaRUfZvckIBE",,0,0,0
"74250D477E2E46DCA77A3A58607C344E","D09","WOOD","WOOD_021","S","emergentHerbaceousWetlands",47.146457,-99.247578,"WGS84",1.1,0.0,0.2,,"2014-07-02",3,"BET.WOOD_021.2014.03",,,,,,,"NEON.DOC.014050",,"This record is generated by the system",1,,
"23153619918B40EEB7CDB27F82A4386D","D09","WOOD","WOOD_021","N","emergentHerbaceousWetlands",47.146817,-99.247580,"WGS84",1.1,0.0,0.2,"2014-06-18","2014-07-02",3,"BET.WOOD_021.2014.03","WOOD_021.N.20140702",14,"disturbed","disturbed","high","N","NEON.DOC.014050","a/0SlN26fEtmJ3LLysIxkaRUfZvckIBE","Trap under water",0,0,0
"AE4B56DF25254BAC832EA9CCF602FF8D","D09","WOOD","WOOD_021","S","emergentHerbaceousWetlands",47.146457,-99.247578,"WGS84",1.1,0.0,0.2,"2014-07-02","2014-07-16",4,"BET.WOOD_021.2014.04",,14,,,,"N","NEON.DOC.014050","KpJXJLVGkPozZ8//5CqxOAAruRUNGCz4","Trap not set due to high water. Wetland Plot.",0,0,0
"187A958A86FA42259F710AA9F8C6D3D9","D09","WOOD","WOOD_003","S","grasslandHerbaceous",47.118401,-99.239943,"WGS84",1.1,0.0,0.2,"2014-07-02","2014-07-16",4,"BET.WOOD_003.2014.04","WOOD_003.S.20140716",14,"ok","ok","ok","Y","NEON.DOC.014050","KpJXJLVGkPozZ8//5CqxOAAruRUNGCz4",,0,0,0
"2B7E8BD04BA541ACB543060A32976956","D09","WOOD","WOOD_003","N","grasslandHerbaceous",47.118761,-99.239945,"WGS84",1.1,0.0,0.2,"2014-07-02","2014-07-16",4,"BET.WOOD_003.2014.04","WOOD_003.N.20140716",14,"ok","ok","ok","Y","NEON.DOC.014050","KpJXJLVGkPozZ8//5CqxOAAruRUNGCz4",,0,0,0
"64D258811EA749A8AEEFA16503FF8F61","D09","WOOD","WOOD_003","E","grasslandHerbaceous",47.118582,-99.239681,"WGS84",1.1,0.0,0.2,"2014-07-02","2014-07-16",4,"BET.WOOD_003.2014.04","WOOD_003.E.20140716",14,"ok","ok","ok","Y","NEON.DOC.014050","KpJXJLVGkPozZ8//5CqxOAAruRUNGCz4",,0,0,0
"9C271551C641479CB33E4FFB977A6119","D09","WOOD","WOOD_003","W","grasslandHerbaceous",47.118581,-99.240208,"WGS84",1.1,0.0,0.2,"2014-07-02","2014-07-16",4,"BET.WOOD_003.2014.04","WOOD_003.W.20140716",14,"ok","ok","ok","Y","NEON.DOC.014050","KpJXJLVGkPozZ8//5CqxOAAruRUNGCz4",,0,0,0
"D35B6C882AE6466F902B410045DE3F6A","D09","WOOD","WOOD_002","S","grasslandHerbaceous",47.135954,-99.232895,"WGS84",1.1,0.0,0.2,"2014-07-02","2014-07-16",4,"BET.WOOD_002.2014.04","WOOD_002.S.20140716",14,"ok","ok","ok","Y","NEON.DOC.014050","KpJXJLVGkPozZ8//5CqxOAAruRUNGCz4",,0,0,0
"4C7FCA25696F49F48D111AB9908DFA0E","D09","WOOD","WOOD_002","N","grasslandHerbaceous",47.136314,-99.232896,"WGS84",1.1,0.0,0.2,"2014-07-02","2014-07-16",4,"BET.WOOD_002.2014.04","WOOD_002.N.20140716",14,"ok","ok","ok","Y","NEON.DOC.014050","KpJXJLVGkPozZ8//5CqxOAAruRUNGCz4",,0,0,0
"53210A20A2374D0B8196D6E63991CA98","D09","WOOD","WOOD_002","W","grasslandHerbaceous",47.136133,-99.233159,"WGS84",1.1,0.0,0.2,"2014-07-02","2014-07-16",4,"BET.WOOD_002.2014.04","WOOD_002.W.20140716",14,"ok","ok","ok","Y","NEON.DOC.014050","KpJXJLVGkPozZ8//5CqxOAAruRUNGCz4",,0,0,0
"66E5F709D7C841E2AD93AE0374B3F41E","D09","WOOD","WOOD_002","E","grasslandHerbaceous",47.136135,-99.232632,"WGS84",1.1,0.0,0.2,"2014-07-02","2014-07-16",4,"BET.WOOD_002.2014.04","WOOD_002.E.20140716",14,"ok","ok","ok","Y","NEON.DOC.014050","KpJXJLVGkPozZ8//5CqxOAAruRUNGCz4",,0,0,0
"17574AA777BD4EFB8307343D23F064D2","D09","WOOD","WOOD_001","W","grasslandHerbaceous",47.128257,-99.258032,"WGS84",1.1,0.0,0.2,"2014-07-02","2014-07-16",4,"BET.WOOD_001.2014.04","WOOD_001.W.20140716",14,"ok","ok","ok","Y","NEON.DOC.014050","KpJXJLVGkPozZ8//5CqxOAAruRUNGCz4",,0,0,0
"47E54D5C5E7745179BDDB5DF1FC5CAE1","D09","WOOD","WOOD_001","E","grasslandHerbaceous",47.128258,-99.257504,"WGS84",1.1,0.0,0.2,"2014-07-02","2014-07-16",4,"BET.WOOD_001.2014.04","WOOD_001.E.20140716",14,"ok","ok","ok","Y","NEON.DOC.014050","KpJXJLVGkPozZ8//5CqxOAAruRUNGCz4",,0,0,0
"4B4D6E0C0CC94C6D8DC9F705BD8736B0","D09","WOOD","WOOD_001","S","grasslandHerbaceous",47.128078,-99.257767,"WGS84",1.1,0.0,0.2,"2014-07-02","2014-07-16",4,"BET.WOOD_001.2014.04","WOOD_001.S.20140716",14,"ok","ok","ok","Y","NEON.DOC.014050","KpJXJLVGkPozZ8//5CqxOAAruRUNGCz4",,0,0,0
"C31147BC8A4049CB86FF9E2C8001D39C","D09","WOOD","WOOD_001","N","grasslandHerbaceous",47.128438,-99.257769,"WGS84",1.1,0.0,0.2,"2014-07-02","2014-07-16",4,"BET.WOOD_001.2014.04","WOOD_001.N.20140716",14,"ok","ok","ok","Y","NEON.DOC.014050","KpJXJLVGkPozZ8//5CqxOAAruRUNGCz4",,0,0,0
"419BBBEFE72A47D497E6F9AB58193118","D09","WOOD","WOOD_007","S","grasslandHerbaceous",47.134575,-99.249894,"WGS84",1.1,0.0,0.1,"2014-07-02","2014-07-16",4,"BET.WOOD_007.2014.04","WOOD_007.S.20140716",14,"ok","ok","ok","Y","NEON.DOC.014050","KpJXJLVGkPozZ8//5CqxOAAruRUNGCz4",,0,0,0
"7567C45179C14CF7B0C0116E276B2546","D09","WOOD","WOOD_007","N","grasslandHerbaceous",47.134935,-99.249895,"WGS84",1.1,0.0,0.1,"2014-07-02","2014-07-16",4,"BET.WOOD_007.2014.04","WOOD_007.N.20140716",14,"ok","ok","ok","Y","NEON.DOC.014050","KpJXJLVGkPozZ8//5CqxOAAruRUNGCz4",,0,0,0
"8C65164DB6D64F94B482F5205C5EFE7A","D09","WOOD","WOOD_007","E","grasslandHerbaceous",47.134756,-99.249631,"WGS84",1.1,0.0,0.1,"2014-07-02","2014-07-16",4,"BET.WOOD_007.2014.04","WOOD_007.E.20140716",14,"ok","ok","ok","Y","NEON.DOC.014050","KpJXJLVGkPozZ8//5CqxOAAruRUNGCz4",,0,0,0
"A2C3E1345ED54C99965850DD46DDCF16","D09","WOOD","WOOD_007","W","grasslandHerbaceous",47.134755,-99.250158,"WGS84",1.1,0.0,0.1,"2014-07-02","2014-07-16",4,"BET.WOOD_007.2014.04","WOOD_007.W.20140716",14,"ok","ok","ok","Y","NEON.DOC.014050","KpJXJLVGkPozZ8//5CqxOAAruRUNGCz4",,0,0,0
"6399FACD55FF4A3EB96E2A39BE4C4F99","D09","WOOD","WOOD_006","S","grasslandHerbaceous",47.142138,-99.247172,"WGS84",1.1,0.0,0.2,"2014-07-02","2014-07-16",4,"BET.WOOD_006.2014.04","WOOD_006.S.20140716",14,"ok","ok","ok","Y","NEON.DOC.014050","KpJXJLVGkPozZ8//5CqxOAAruRUNGCz4",,0,0,0
"7BF773282CC0421E9907D2171874F6D0","D09","WOOD","WOOD_006","N","grasslandHerbaceous",47.142498,-99.247173,"WGS84",1.1,0.0,0.2,"2014-07-02","2014-07-16",4,"BET.WOOD_006.2014.04","WOOD_006.N.20140716",14,"ok","ok","ok","Y","NEON.DOC.014050","KpJXJLVGkPozZ8//5CqxOAAruRUNGCz4",,0,0,0
"7F0E91CBCCD24DF497612E4B0DDF3F80","D09","WOOD","WOOD_006","W","grasslandHerbaceous",47.142318,-99.247436,"WGS84",1.1,0.0,0.2,"2014-07-02","2014-07-16",4,"BET.WOOD_006.2014.04","WOOD_006.W.20140716",14,"ok","ok","ok","Y","NEON.DOC.014050","KpJXJLVGkPozZ8//5CqxOAAruRUNGCz4",,0,0,0
"CA60B7032233471BB41C7DCED43E1A0C","D09","WOOD","WOOD_006","E","grasslandHerbaceous",47.142319,-99.246909,"WGS84",1.1,0.0,0.2,"2014-07-02","2014-07-16",4,"BET.WOOD_006.2014.04","WOOD_006.E.20140716",14,"ok","ok","ok","Y","NEON.DOC.014050","KpJXJLVGkPozZ8//5CqxOAAruRUNGCz4",,0,1,0
"BB4D85F542E44A32ADA539A729ABEA25","D09","WOOD","WOOD_005","W","grasslandHerbaceous",47.149339,-99.252192,"WGS84",1.1,0.0,0.2,"2014-07-02","2014-07-16",4,"BET.WOOD_005.2014.04","WOOD_005.W.20140716",14,"ok","ok","ok","Y","NEON.DOC.014050","KpJXJLVGkPozZ8//5CqxOAAruRUNGCz4",,0,0,0
"B58AD2DDE4B043DF84E020373296AD49","D09","WOOD","WOOD_005","N","grasslandHerbaceous",47.149519,-99.251929,"WGS84",1.1,0.0,0.2,"2014-07-02","2014-07-16",4,"BET.WOOD_005.2014.04","WOOD_005.N.20140716",14,"ok","ok","ok","Y","NEON.DOC.014050","KpJXJLVGkPozZ8//5CqxOAAruRUNGCz4",,0,0,0
"A774CC81697044B5BF43C99E3CAC2699","D09","WOOD","WOOD_005","E","grasslandHerbaceous",47.149340,-99.251664,"WGS84",1.1,0.0,0.2,"2014-07-02","2014-07-16",4,"BET.WOOD_005.2014.04","WOOD_005.E.20140716",14,"ok","ok","ok","Y","NEON.DOC.014050","KpJXJLVGkPozZ8//5CqxOAAruRUNGCz4",,0,0,0
"A57355D80870421BA2B1BD271B9CD60A","D09","WOOD","WOOD_005","S","grasslandHerbaceous",47.149159,-99.251927,"WGS84",1.1,0.0,0.2,"2014-07-02","2014-07-16",4,"BET.WOOD_005.2014.04","WOOD_005.S.20140716",14,"ok","ok","ok","Y","NEON.DOC.014050","KpJXJLVGkPozZ8//5CqxOAAruRUNGCz4",,0,0,0
"8F0EC4D3F65E4030AF80F429F85F7A96","D09","WOOD","WOOD_025","S","emergentHerbaceousWetlands",47.149116,-99.257095,"WGS84",1.1,586.1,0.2,"2014-07-02","2014-07-16",4,"BET.WOOD_025.2014.04",,14,,,,"N","NEON.DOC.014050","KpJXJLVGkPozZ8//5CqxOAAruRUNGCz4","Saturated with water. Wetland Plot.",0,0,0
"6557E4B9D9584279A120A45AB18B0A57","D09","WOOD","WOOD_025","E","emergentHerbaceousWetlands",47.149297,-99.256832,"WGS84",1.1,586.1,0.2,"2014-07-02","2014-07-16",4,"BET.WOOD_025.2014.04",,14,,,,"N","NEON.DOC.014050","KpJXJLVGkPozZ8//5CqxOAAruRUNGCz4","Saturated with water. Wetland Plot.",0,0,0
"F36A8E02420744E6812179A1967FB66F","D09","WOOD","WOOD_025","W","emergentHerbaceousWetlands",47.149296,-99.257360,"WGS84",1.1,586.1,0.2,"2014-07-02","2014-07-16",4,"BET.WOOD_025.2014.04",,14,,,,"N","NEON.DOC.014050","KpJXJLVGkPozZ8//5CqxOAAruRUNGCz4","Saturated with water. Wetland Plot.",0,0,0
"77A3F2F22224455EA79C505A2D7D7494","D09","WOOD","WOOD_025","N","emergentHerbaceousWetlands",47.149476,-99.257097,"WGS84",1.1,586.1,0.2,"2014-07-02","2014-07-16",4,"BET.WOOD_025.2014.04","WOOD_025.N.20140716",14,"ok","ok","ok","Y","NEON.DOC.014050","KpJXJLVGkPozZ8//5CqxOAAruRUNGCz4",,0,0,0
"47BAF7CA0F914D38A5E67743F1F2035B","D09","WOOD","WOOD_004","N","grasslandHerbaceous",47.126020,-99.253802,"WGS84",1.1,0.0,0.2,"2014-07-02","2014-07-16",4,"BET.WOOD_004.2014.04","WOOD_004.N.20140716",14,"ok","ok","ok","Y","NEON.DOC.014050","KpJXJLVGkPozZ8//5CqxOAAruRUNGCz4",,0,0,0
"4025BC8B78A041D5B1FF44BE7FBD48EE","D09","WOOD","WOOD_004","W","grasslandHerbaceous",47.125839,-99.254065,"WGS84",1.1,0.0,0.2,"2014-07-02","2014-07-16",4,"BET.WOOD_004.2014.04","WOOD_004.W.20140716",14,"ok","ok","ok","Y","NEON.DOC.014050","KpJXJLVGkPozZ8//5CqxOAAruRUNGCz4",,0,0,0
"800000C662D448249C43AADC76310A1C","D09","WOOD","WOOD_004","E","grasslandHerbaceous",47.125840,-99.253537,"WGS84",1.1,0.0,0.2,"2014-07-02","2014-07-16",4,"BET.WOOD_004.2014.04","WOOD_004.E.20140716",14,"ok","ok","ok","Y","NEON.DOC.014050","KpJXJLVGkPozZ8//5CqxOAAruRUNGCz4",,0,0,0
"CB1CC5B5A39A498B8BC9E114581AA7D2","D09","WOOD","WOOD_004","S","grasslandHerbaceous",47.125660,-99.253800,"WGS84",1.1,0.0,0.2,"2014-07-02","2014-07-16",4,"BET.WOOD_004.2014.04","WOOD_004.S.20140716",14,"ok","ok","ok","Y","NEON.DOC.014050","KpJXJLVGkPozZ8//5CqxOAAruRUNGCz4",,0,0,0
"6040CDB7D01F4F30B532433074727100","D09","WOOD","WOOD_023","E","emergentHerbaceousWetlands",47.130119,-99.267006,"WGS84",1.1,0.0,0.1,"2014-07-02","2014-07-16",4,"BET.WOOD_023.2014.04","WOOD_023.E.20140716",14,"ok","ok","ok","Y","NEON.DOC.014050","KpJXJLVGkPozZ8//5CqxOAAruRUNGCz4",,0,0,0
"1E5113924D854B1FA821B14F3A81AB1E","D09","WOOD","WOOD_023","N","emergentHerbaceousWetlands",47.130298,-99.267271,"WGS84",1.1,0.0,0.1,"2014-07-02","2014-07-16",4,"BET.WOOD_023.2014.04","WOOD_023.N.20140716",14,"ok","ok","ok","Y","NEON.DOC.014050","KpJXJLVGkPozZ8//5CqxOAAruRUNGCz4",,0,0,0
"A6B73E7AE8114EBF8F0F5E94C5C427FE","D09","WOOD","WOOD_023","W","emergentHerbaceousWetlands",47.130117,-99.267534,"WGS84",1.1,0.0,0.1,"2014-07-02","2014-07-16",4,"BET.WOOD_023.2014.04",,14,,,,"N","NEON.DOC.014050","KpJXJLVGkPozZ8//5CqxOAAruRUNGCz4",,0,0,0
"6DF11EEFB03C40239E3F592CA7DEEE4C","D09","WOOD","WOOD_023","S","emergentHerbaceousWetlands",47.129938,-99.267269,"WGS84",1.1,0.0,0.1,"2014-07-02","2014-07-16",4,"BET.WOOD_023.2014.04","WOOD_023.S.20140716",14,"ok","ok","ok","Y","NEON.DOC.014050","KpJXJLVGkPozZ8//5CqxOAAruRUNGCz4",,0,0,0
"7CAB2EDF9E884E07B3F43FDA940D6181","D09","WOOD","WOOD_021","W","emergentHerbaceousWetlands",47.146636,-99.247843,"WGS84",1.1,0.0,0.2,"2014-07-02","2014-07-16",4,"BET.WOOD_021.2014.04",,14,,,,"N","NEON.DOC.014050","KpJXJLVGkPozZ8//5CqxOAAruRUNGCz4","Trap not set sue to high water. Wetland Plot.",0,0,0
"1A19927F53BE41A88E01AAE7482A5E39","D09","WOOD","WOOD_021","E","emergentHerbaceousWetlands",47.146637,-99.247315,"WGS84",1.1,0.0,0.2,"2014-07-02","2014-07-16",4,"BET.WOOD_021.2014.04","WOOD_021.E.20140716",14,"ok","ok","ok","Y","NEON.DOC.014050","KpJXJLVGkPozZ8//5CqxOAAruRUNGCz4",,0,0,0
"24621E36257248BF996C93D367B4DE56","D09","WOOD","WOOD_021","N","emergentHerbaceousWetlands",47.146817,-99.247580,"WGS84",1.1,0.0,0.2,"2014-07-02","2014-07-16",4,"BET.WOOD_021.2014.04",,14,,,,"N","NEON.DOC.014050","KpJXJLVGkPozZ8//5CqxOAAruRUNGCz4","Not set due to high water. Wetland Plot.",0,0,0
"FC6416C3CF174E4ABC4150FCD5622B6E","D09","WOOD","WOOD_021","N","emergentHerbaceousWetlands",47.146817,-99.247580,"WGS84",1.1,0.0,0.2,,"2014-07-30",5,"BET.WOOD_021.2014.05",,,,,,,"NEON.DOC.014050",,"This record is generated by the system",1,,
"CC6A5A7AFA19431EAB35CF45AA162D6C","D09","WOOD","WOOD_003","N","grasslandHerbaceous",47.118761,-99.239945,"WGS84",1.1,0.0,0.2,"2014-07-16","2014-07-30",5,"BET.WOOD_003.2014.05","WOOD_003.N.20140730",14,"ok","ok","ok","Y","NEON.DOC.014050","a/0SlN26fEtmJ3LLysIxkaRUfZvckIBE",,0,0,0
"271E1C51099042D2AD2A329FB885F66E","D09","WOOD","WOOD_003","S","grasslandHerbaceous",47.118401,-99.239943,"WGS84",1.1,0.0,0.2,"2014-07-16","2014-07-30",5,"BET.WOOD_003.2014.05","WOOD_003.S.20140730",14,"ok","ok","ok","Y","NEON.DOC.014050","a/0SlN26fEtmJ3LLysIxkaRUfZvckIBE",,0,0,0
"03507E1196134A6AAE6522F9C5E16349","D09","WOOD","WOOD_003","W","grasslandHerbaceous",47.118581,-99.240208,"WGS84",1.1,0.0,0.2,"2014-07-16","2014-07-30",5,"BET.WOOD_003.2014.05","WOOD_003.W.20140730",14,"ok","ok","ok","Y","NEON.DOC.014050","a/0SlN26fEtmJ3LLysIxkaRUfZvckIBE",,0,0,0
"535869FFD9AD4C6CA7ACEB885BA964FA","D09","WOOD","WOOD_003","E","grasslandHerbaceous",47.118582,-99.239681,"WGS84",1.1,0.0,0.2,"2014-07-16","2014-07-30",5,"BET.WOOD_003.2014.05","WOOD_003.E.20140730",14,"ok","ok","ok","Y","NEON.DOC.014050","a/0SlN26fEtmJ3LLysIxkaRUfZvckIBE",,0,0,0
"8E50E5D461424902958DB38689502556","D09","WOOD","WOOD_002","S","grasslandHerbaceous",47.135954,-99.232895,"WGS84",1.1,0.0,0.2,"2014-07-16","2014-07-30",5,"BET.WOOD_002.2014.05","WOOD_002.S.20140730",14,"ok","ok","ok","Y","NEON.DOC.014050","a/0SlN26fEtmJ3LLysIxkaRUfZvckIBE",,0,0,0
"283A3171EE514B86A22A670F279EE082","D09","WOOD","WOOD_002","N","grasslandHerbaceous",47.136314,-99.232896,"WGS84",1.1,0.0,0.2,"2014-07-16","2014-07-30",5,"BET.WOOD_002.2014.05","WOOD_002.N.20140730",14,"ok","ok","ok","Y","NEON.DOC.014050","a/0SlN26fEtmJ3LLysIxkaRUfZvckIBE",,0,0,0
"C7596C0C1A1B46E39259B73EB17775DB","D09","WOOD","WOOD_002","W","grasslandHerbaceous",47.136133,-99.233159,"WGS84",1.1,0.0,0.2,"2014-07-16","2014-07-30",5,"BET.WOOD_002.2014.05","WOOD_002.W.20140730",14,"ok","ok","ok","Y","NEON.DOC.014050","a/0SlN26fEtmJ3LLysIxkaRUfZvckIBE",,0,0,0
"629EA410C4BA4F8CB884DAF6B0805394","D09","WOOD","WOOD_002","E","grasslandHerbaceous",47.136135,-99.232632,"WGS84",1.1,0.0,0.2,"2014-07-16","2014-07-30",5,"BET.WOOD_002.2014.05","WOOD_002.E.20140730",14,"ok","ok","ok","Y","NEON.DOC.014050","a/0SlN26fEtmJ3LLysIxkaRUfZvckIBE",,0,0,0
"EB79866EE51C401595A3CC4F524C59B0","D09","WOOD","WOOD_001","N","grasslandHerbaceous",47.128438,-99.257769,"WGS84",1.1,0.0,0.2,"2014-07-16","2014-07-30",5,"BET.WOOD_001.2014.05","WOOD_001.N.20140730",14,"ok","ok","ok","Y","NEON.DOC.014050","a/0SlN26fEtmJ3LLysIxkaRUfZvckIBE",,0,0,0
"68F8DBF3A383412D8A5F8097CDEA7856","D09","WOOD","WOOD_001","W","grasslandHerbaceous",47.128257,-99.258032,"WGS84",1.1,0.0,0.2,"2014-07-16","2014-07-30",5,"BET.WOOD_001.2014.05","WOOD_001.W.20140730",14,"ok","ok","ok","Y","NEON.DOC.014050","a/0SlN26fEtmJ3LLysIxkaRUfZvckIBE",,0,0,0
"FFB05FFC6D6143B0A77D1FE9BEFD6EBA","D09","WOOD","WOOD_001","E","grasslandHerbaceous",47.128258,-99.257504,"WGS84",1.1,0.0,0.2,"2014-07-16","2014-07-30",5,"BET.WOOD_001.2014.05","WOOD_001.E.20140730",14,"ok","ok","ok","Y","NEON.DOC.014050","a/0SlN26fEtmJ3LLysIxkaRUfZvckIBE",,0,0,0
"B19AD27C476A4B87BD6C78EC1CAEAC9E","D09","WOOD","WOOD_001","S","grasslandHerbaceous",47.128078,-99.257767,"WGS84",1.1,0.0,0.2,"2014-07-16","2014-07-30",5,"BET.WOOD_001.2014.05","WOOD_001.S.20140730",14,"ok","ok","ok","Y","NEON.DOC.014050","a/0SlN26fEtmJ3LLysIxkaRUfZvckIBE",,0,0,0
"CD2FF985B61743A79E633B9111A7F8E1","D09","WOOD","WOOD_007","W","grasslandHerbaceous",47.134755,-99.250158,"WGS84",1.1,0.0,0.1,"2014-07-16","2014-07-30",5,"BET.WOOD_007.2014.05","WOOD_007.W.20140730",14,"ok","ok","ok","Y","NEON.DOC.014050","a/0SlN26fEtmJ3LLysIxkaRUfZvckIBE",,0,0,0
"959A3D9EF7AC45EA82A434D79C4FA8AE","D09","WOOD","WOOD_007","S","grasslandHerbaceous",47.134575,-99.249894,"WGS84",1.1,0.0,0.1,"2014-07-16","2014-07-30",5,"BET.WOOD_007.2014.05","WOOD_007.S.20140730",14,"ok","ok","ok","Y","NEON.DOC.014050","a/0SlN26fEtmJ3LLysIxkaRUfZvckIBE",,0,0,0
"79E4CB3A64B24F5FADFB1591A0A5E78C","D09","WOOD","WOOD_007","E","grasslandHerbaceous",47.134756,-99.249631,"WGS84",1.1,0.0,0.1,"2014-07-16","2014-07-30",5,"BET.WOOD_007.2014.05","WOOD_007.E.20140730",14,"ok","ok","ok","Y","NEON.DOC.014050","a/0SlN26fEtmJ3LLysIxkaRUfZvckIBE",,0,0,0
"659E38506C334940A1F9717E3CBF69D9","D09","WOOD","WOOD_007","N","grasslandHerbaceous",47.134935,-99.249895,"WGS84",1.1,0.0,0.1,"2014-07-16","2014-07-30",5,"BET.WOOD_007.2014.05","WOOD_007.N.20140730",14,"ok","ok","ok","Y","NEON.DOC.014050","a/0SlN26fEtmJ3LLysIxkaRUfZvckIBE",,0,0,0
"C993A9A0204649ABBE3D68D29352DF32","D09","WOOD","WOOD_006","S","grasslandHerbaceous",47.142138,-99.247172,"WGS84",1.1,0.0,0.2,"2014-07-16","2014-07-30",5,"BET.WOOD_006.2014.05","WOOD_006.S.20140730",14,"ok","ok","ok","Y","NEON.DOC.014050","a/0SlN26fEtmJ3LLysIxkaRUfZvckIBE",,0,0,0
"98597F14322247259DF8927093A1AAE2","D09","WOOD","WOOD_006","E","grasslandHerbaceous",47.142319,-99.246909,"WGS84",1.1,0.0,0.2,"2014-07-16","2014-07-30",5,"BET.WOOD_006.2014.05","WOOD_006.E.20140730",14,"ok","ok","ok","Y","NEON.DOC.014050","a/0SlN26fEtmJ3LLysIxkaRUfZvckIBE",,0,0,0
"DE919B21C22541EBB4C3C3325FF81A3D","D09","WOOD","WOOD_006","W","grasslandHerbaceous",47.142318,-99.247436,"WGS84",1.1,0.0,0.2,"2014-07-16","2014-07-30",5,"BET.WOOD_006.2014.05","WOOD_006.W.20140730",14,"ok","ok","ok","Y","NEON.DOC.014050","a/0SlN26fEtmJ3LLysIxkaRUfZvckIBE",,0,0,0
"0A7DF1235AAE4CA589EACA505CBFD360","D09","WOOD","WOOD_006","N","grasslandHerbaceous",47.142498,-99.247173,"WGS84",1.1,0.0,0.2,"2014-07-16","2014-07-30",5,"BET.WOOD_006.2014.05","WOOD_006.N.20140730",14,"ok","ok","ok","Y","NEON.DOC.014050","a/0SlN26fEtmJ3LLysIxkaRUfZvckIBE",,0,0,0
"C38DAD913D91462ABBBBB18577B6C6F1","D09","WOOD","WOOD_005","S","grasslandHerbaceous",47.149159,-99.251927,"WGS84",1.1,0.0,0.2,"2014-07-16","2014-07-30",5,"BET.WOOD_005.2014.05","WOOD_005.S.20140730",14,"ok","ok","ok","Y","NEON.DOC.014050","a/0SlN26fEtmJ3LLysIxkaRUfZvckIBE",,0,0,0
"59A2257B12C346FD967C4E7D05F84D4B","D09","WOOD","WOOD_005","W","grasslandHerbaceous",47.149339,-99.252192,"WGS84",1.1,0.0,0.2,"2014-07-16","2014-07-30",5,"BET.WOOD_005.2014.05","WOOD_005.W.20140730",14,"ok","ok","ok","Y","NEON.DOC.014050","a/0SlN26fEtmJ3LLysIxkaRUfZvckIBE",,0,0,0
"0E231DE0E04E4502A211476C06320C63","D09","WOOD","WOOD_005","N","grasslandHerbaceous",47.149519,-99.251929,"WGS84",1.1,0.0,0.2,"2014-07-16","2014-07-30",5,"BET.WOOD_005.2014.05","WOOD_005.N.20140730",14,"ok","ok","ok","Y","NEON.DOC.014050","a/0SlN26fEtmJ3LLysIxkaRUfZvckIBE",,0,0,0
"D0E128DEA00D42629ADFCFE8FAC2F081","D09","WOOD","WOOD_005","E","grasslandHerbaceous",47.149340,-99.251664,"WGS84",1.1,0.0,0.2,"2014-07-16","2014-07-30",5,"BET.WOOD_005.2014.05","WOOD_005.E.20140730",14,"ok","ok","ok","Y","NEON.DOC.014050","a/0SlN26fEtmJ3LLysIxkaRUfZvckIBE",,0,0,0
"BA9CC71F1B7C49EEA5C4896203CCC62E","D09","WOOD","WOOD_004","E","grasslandHerbaceous",47.125840,-99.253537,"WGS84",1.1,0.0,0.2,"2014-07-16","2014-07-30",5,"BET.WOOD_004.2014.05","WOOD_004.E.20140730",14,"ok","ok","high","Y","NEON.DOC.014050","a/0SlN26fEtmJ3LLysIxkaRUfZvckIBE",,0,0,0
"3EFD2EA7389D4888B6934A0AB0A66FD6","D09","WOOD","WOOD_004","W","grasslandHerbaceous",47.125839,-99.254065,"WGS84",1.1,0.0,0.2,"2014-07-16","2014-07-30",5,"BET.WOOD_004.2014.05","WOOD_004.W.20140730",14,"ok","ok","ok","Y","NEON.DOC.014050","a/0SlN26fEtmJ3LLysIxkaRUfZvckIBE",,0,0,0
"32CA2EB92D3743D698592CB5C05D2A69","D09","WOOD","WOOD_004","N","grasslandHerbaceous",47.126020,-99.253802,"WGS84",1.1,0.0,0.2,"2014-07-16","2014-07-30",5,"BET.WOOD_004.2014.05","WOOD_004.N.20140730",14,"ok","ok","ok","Y","NEON.DOC.014050","a/0SlN26fEtmJ3LLysIxkaRUfZvckIBE",,0,0,0
"8F429693F74140A48C264F76A2BAE6B2","D09","WOOD","WOOD_004","S","grasslandHerbaceous",47.125660,-99.253800,"WGS84",1.1,0.0,0.2,"2014-07-16","2014-07-30",5,"BET.WOOD_004.2014.05","WOOD_004.S.20140730",14,"ok","ok","ok","Y","NEON.DOC.014050","a/0SlN26fEtmJ3LLysIxkaRUfZvckIBE",,0,0,0
"3F01544504694D89A5FEE52542FCAA44","D09","WOOD","WOOD_024","S","emergentHerbaceousWetlands",47.150991,-99.262647,"WGS84",1.1,0.0,0.1,,"2014-07-30",5,"BET.WOOD_024.2014.05",,,,,,,"NEON.DOC.014050",,"This record is generated by the system",1,,
"ADC848F27BC9480BA1C3408C60DC7DDD","D09","WOOD","WOOD_024","N","emergentHerbaceousWetlands",47.151351,-99.262649,"WGS84",1.1,0.0,0.1,"2014-07-16","2014-07-30",5,"BET.WOOD_024.2014.05","WOOD_024.N.20140730",14,"ok","ok","ok","Y","NEON.DOC.014050","a/0SlN26fEtmJ3LLysIxkaRUfZvckIBE",,0,0,0
"418AF5A47EE440069345BC6D276CEDBB","D09","WOOD","WOOD_024","W","emergentHerbaceousWetlands",47.151170,-99.262912,"WGS84",1.1,0.0,0.1,,"2014-07-30",5,"BET.WOOD_024.2014.05",,,,,,,"NEON.DOC.014050",,"This record is generated by the system",1,,
"3BA84772B8084934BFDD96D03CA326D3","D09","WOOD","WOOD_024","E","emergentHerbaceousWetlands",47.151171,-99.262385,"WGS84",1.1,0.0,0.1,,"2014-07-30",5,"BET.WOOD_024.2014.05",,,,,,,"NEON.DOC.014050",,"This record is generated by the system",1,,
"23CE63FAC8AB45B1A7E0032CF9FA0D6C","D09","WOOD","WOOD_023","S","emergentHerbaceousWetlands",47.129938,-99.267269,"WGS84",1.1,0.0,0.1,"2014-07-16","2014-07-30",5,"BET.WOOD_023.2014.05","WOOD_023.S.20140730",14,"ok","ok","ok","Y","NEON.DOC.014050","a/0SlN26fEtmJ3LLysIxkaRUfZvckIBE",,0,0,0
"DB8A75B0044A46C9884697D4F1956106","D09","WOOD","WOOD_023","E","emergentHerbaceousWetlands",47.130119,-99.267006,"WGS84",1.1,0.0,0.1,"2014-07-16","2014-07-30",5,"BET.WOOD_023.2014.05","WOOD_023.E.20140730",14,"ok","ok","ok","Y","NEON.DOC.014050","a/0SlN26fEtmJ3LLysIxkaRUfZvckIBE",,0,0,0
"6163A4E720C24E8EB17D3C8BCE18B9B3","D09","WOOD","WOOD_023","W","emergentHerbaceousWetlands",47.130117,-99.267534,"WGS84",1.1,0.0,0.1,"2014-07-16","2014-07-30",5,"BET.WOOD_023.2014.05",,14,,,,"N","NEON.DOC.014050","a/0SlN26fEtmJ3LLysIxkaRUfZvckIBE",,0,0,0
"37EB47F697C74E5EA10EC9F15D3EBBCB","D09","WOOD","WOOD_023","N","emergentHerbaceousWetlands",47.130298,-99.267271,"WGS84",1.1,0.0,0.1,"2014-07-16","2014-07-30",5,"BET.WOOD_023.2014.05","WOOD_023.N.20140730",14,"ok","ok","ok","Y","NEON.DOC.014050","a/0SlN26fEtmJ3LLysIxkaRUfZvckIBE",,0,0,0
"AD6CFD7ADF8F4546B6CB29DEF82501D2","D09","WOOD","WOOD_021","S","emergentHerbaceousWetlands",47.146457,-99.247578,"WGS84",1.1,0.0,0.2,,"2014-07-30",5,"BET.WOOD_021.2014.05",,,,,,,"NEON.DOC.014050",,"This record is generated by the system",1,,
"58D80F70ED0949109E4DD766CA1E72A3","D09","WOOD","WOOD_021","E","emergentHerbaceousWetlands",47.146637,-99.247315,"WGS84",1.1,0.0,0.2,"2014-07-16","2014-07-30",5,"BET.WOOD_021.2014.05","WOOD_021.E.20140730",14,"ok","ok","ok","Y","NEON.DOC.014050","a/0SlN26fEtmJ3LLysIxkaRUfZvckIBE",,0,0,0
"0125A60858104AB8A08751C44A0C689C","D09","WOOD","WOOD_021","W","emergentHerbaceousWetlands",47.146636,-99.247843,"WGS84",1.1,0.0,0.2,,"2014-07-30",5,"BET.WOOD_021.2014.05",,,,,,,"NEON.DOC.014050",,"This record is generated by the system",1,,
"C195FD77966143D78637C485A980A075","D09","WOOD","WOOD_021","S","emergentHerbaceousWetlands",47.146457,-99.247578,"WGS84",1.1,0.0,0.2,,"2014-08-13",6,"BET.WOOD_021.2014.06",,,,,,,"NEON.DOC.014050",,"This record is generated by the system",1,,
"C2AEE85C5A074AE4B0BFC35D6A2C843A","D09","WOOD","WOOD_003","E","grasslandHerbaceous",47.118582,-99.239681,"WGS84",1.1,0.0,0.2,"2014-07-30","2014-08-13",6,"BET.WOOD_003.2014.06","WOOD_003.E.20140813",14,"ok","ok","ok","Y","NEON.DOC.014050","a/0SlN26fEtmJ3LLysIxkaRUfZvckIBE",,0,0,0
"1F810C5D7D1D45B38B2C58A37A295723","D09","WOOD","WOOD_003","W","grasslandHerbaceous",47.118581,-99.240208,"WGS84",1.1,0.0,0.2,"2014-07-30","2014-08-13",6,"BET.WOOD_003.2014.06","WOOD_003.W.20140813",14,"ok","ok","ok","Y","NEON.DOC.014050","a/0SlN26fEtmJ3LLysIxkaRUfZvckIBE",,0,0,0
"D9C3790BB8AF46D5A1ED1CBFBC0F7719","D09","WOOD","WOOD_003","N","grasslandHerbaceous",47.118761,-99.239945,"WGS84",1.1,0.0,0.2,"2014-07-30","2014-08-13",6,"BET.WOOD_003.2014.06","WOOD_003.N.20140813",14,"ok","ok","ok","Y","NEON.DOC.014050","a/0SlN26fEtmJ3LLysIxkaRUfZvckIBE",,0,0,0
"60DFEC13F13F498FAE73DB3BDEB03399","D09","WOOD","WOOD_003","S","grasslandHerbaceous",47.118401,-99.239943,"WGS84",1.1,0.0,0.2,"2014-07-30","2014-08-13",6,"BET.WOOD_003.2014.06","WOOD_003.S.20140813",14,"ok","ok","ok","Y","NEON.DOC.014050","a/0SlN26fEtmJ3LLysIxkaRUfZvckIBE",,0,0,0
"5C155C7ED3CC45469FDB4ADA57010CA6","D09","WOOD","WOOD_002","E","grasslandHerbaceous",47.136135,-99.232632,"WGS84",1.1,0.0,0.2,"2014-07-30","2014-08-13",6,"BET.WOOD_002.2014.06","WOOD_002.E.20140813",14,"ok","ok","ok","Y","NEON.DOC.014050","a/0SlN26fEtmJ3LLysIxkaRUfZvckIBE",,0,0,0
"42C83C8392C142608AC522D2EE67EBEF","D09","WOOD","WOOD_002","W","grasslandHerbaceous",47.136133,-99.233159,"WGS84",1.1,0.0,0.2,"2014-07-30","2014-08-13",6,"BET.WOOD_002.2014.06","WOOD_002.W.20140813",14,"ok","ok","ok","Y","NEON.DOC.014050","a/0SlN26fEtmJ3LLysIxkaRUfZvckIBE",,0,0,0
"8A023CAB7A4C4F1FB54300BE7B4FB423","D09","WOOD","WOOD_002","S","grasslandHerbaceous",47.135954,-99.232895,"WGS84",1.1,0.0,0.2,"2014-07-30","2014-08-13",6,"BET.WOOD_002.2014.06","WOOD_002.S.20140813",14,"ok","ok","ok","Y","NEON.DOC.014050","a/0SlN26fEtmJ3LLysIxkaRUfZvckIBE",,0,0,0
"29E2BB6B915344919ADB0FFD4DD585DB","D09","WOOD","WOOD_002","N","grasslandHerbaceous",47.136314,-99.232896,"WGS84",1.1,0.0,0.2,"2014-07-30","2014-08-13",6,"BET.WOOD_002.2014.06","WOOD_002.N.20140813",14,"ok","ok","ok","Y","NEON.DOC.014050","a/0SlN26fEtmJ3LLysIxkaRUfZvckIBE",,0,0,0
"9D4D7BABFE6342319199ED40F9D39416","D09","WOOD","WOOD_001","W","grasslandHerbaceous",47.128257,-99.258032,"WGS84",1.1,0.0,0.2,"2014-07-30","2014-08-13",6,"BET.WOOD_001.2014.06","WOOD_001.W.20140813",14,"ok","ok","ok","Y","NEON.DOC.014050","a/0SlN26fEtmJ3LLysIxkaRUfZvckIBE",,0,0,0
"F7CAF12019A5424DB5471745AB4A3235","D09","WOOD","WOOD_001","E","grasslandHerbaceous",47.128258,-99.257504,"WGS84",1.1,0.0,0.2,"2014-07-30","2014-08-13",6,"BET.WOOD_001.2014.06","WOOD_001.E.20140813",14,"ok","ok","ok","Y","NEON.DOC.014050","a/0SlN26fEtmJ3LLysIxkaRUfZvckIBE",,0,0,0
"15F391DE82C340079788AD03D10F05B4","D09","WOOD","WOOD_001","S","grasslandHerbaceous",47.128078,-99.257767,"WGS84",1.1,0.0,0.2,"2014-07-30","2014-08-13",6,"BET.WOOD_001.2014.06","WOOD_001.S.20140813",14,"ok","ok","ok","Y","NEON.DOC.014050","a/0SlN26fEtmJ3LLysIxkaRUfZvckIBE",,0,0,0
"F3D40746C52245AC82B6A9961A62B150","D09","WOOD","WOOD_001","N","grasslandHerbaceous",47.128438,-99.257769,"WGS84",1.1,0.0,0.2,"2014-07-30","2014-08-13",6,"BET.WOOD_001.2014.06","WOOD_001.N.20140813",14,"ok","ok","ok","Y","NEON.DOC.014050","a/0SlN26fEtmJ3LLysIxkaRUfZvckIBE",,0,0,0
"F132FC9D1923482B8B6E9CA028962CC8","D09","WOOD","WOOD_007","S","grasslandHerbaceous",47.134575,-99.249894,"WGS84",1.1,0.0,0.1,"2014-07-30","2014-08-13",6,"BET.WOOD_007.2014.06","WOOD_007.S.20140813",14,"ok","ok","ok","Y","NEON.DOC.014050","a/0SlN26fEtmJ3LLysIxkaRUfZvckIBE",,0,0,0
"001DBF2402B742B8B65FA6CE44A7D4C4","D09","WOOD","WOOD_007","E","grasslandHerbaceous",47.134756,-99.249631,"WGS84",1.1,0.0,0.1,"2014-07-30","2014-08-13",6,"BET.WOOD_007.2014.06","WOOD_007.E.20140813",14,"ok","ok","ok","Y","NEON.DOC.014050","a/0SlN26fEtmJ3LLysIxkaRUfZvckIBE",,0,0,0
"00EC547283BC40669CFDC8E1773DFF25","D09","WOOD","WOOD_007","N","grasslandHerbaceous",47.134935,-99.249895,"WGS84",1.1,0.0,0.1,"2014-07-30","2014-08-13",6,"BET.WOOD_007.2014.06","WOOD_007.N.20140813",14,"ok","ok","ok","Y","NEON.DOC.014050","a/0SlN26fEtmJ3LLysIxkaRUfZvckIBE",,0,0,0
"F098488C175F45FBA8C40E1D0C18B37B","D09","WOOD","WOOD_007","W","grasslandHerbaceous",47.134755,-99.250158,"WGS84",1.1,0.0,0.1,"2014-07-30","2014-08-13",6,"BET.WOOD_007.2014.06","WOOD_007.W.20140813",14,"ok","ok","ok","Y","NEON.DOC.014050","a/0SlN26fEtmJ3LLysIxkaRUfZvckIBE",,0,0,0
"0C018FB361784FD8B0054319AE305CBA","D09","WOOD","WOOD_006","E","grasslandHerbaceous",47.142319,-99.246909,"WGS84",1.1,0.0,0.2,"2014-07-30","2014-08-13",6,"BET.WOOD_006.2014.06","WOOD_006.E.20140813",14,"ok","ok","ok","Y","NEON.DOC.014050","a/0SlN26fEtmJ3LLysIxkaRUfZvckIBE",,0,0,0
"69D05A3D4A0F406BA25DF355FCD16DEC","D09","WOOD","WOOD_006","N","grasslandHerbaceous",47.142498,-99.247173,"WGS84",1.1,0.0,0.2,"2014-07-30","2014-08-13",6,"BET.WOOD_006.2014.06","WOOD_006.N.20140813",14,"ok","ok","ok","Y","NEON.DOC.014050","a/0SlN26fEtmJ3LLysIxkaRUfZvckIBE",,0,0,0
"34FAFD1B2DC44B519C11B1C2502F289D","D09","WOOD","WOOD_006","S","grasslandHerbaceous",47.142138,-99.247172,"WGS84",1.1,0.0,0.2,"2014-07-30","2014-08-13",6,"BET.WOOD_006.2014.06","WOOD_006.S.20140813",14,"ok","ok","ok","Y","NEON.DOC.014050","a/0SlN26fEtmJ3LLysIxkaRUfZvckIBE",,0,0,0
"8E58C5A05F6145549500C8F36D4F1FC1","D09","WOOD","WOOD_006","W","grasslandHerbaceous",47.142318,-99.247436,"WGS84",1.1,0.0,0.2,"2014-07-30","2014-08-13",6,"BET.WOOD_006.2014.06","WOOD_006.W.20140813",14,"ok","ok","ok","Y","NEON.DOC.014050","a/0SlN26fEtmJ3LLysIxkaRUfZvckIBE",,0,0,0
"17E635616B214FD5BEEBE82B156C6677","D09","WOOD","WOOD_005","S","grasslandHerbaceous",47.149159,-99.251927,"WGS84",1.1,0.0,0.2,"2014-07-30","2014-08-13",6,"BET.WOOD_005.2014.06","WOOD_005.S.20140813",14,"ok","ok","ok","Y","NEON.DOC.014050","a/0SlN26fEtmJ3LLysIxkaRUfZvckIBE",,0,0,0
"8952543CA82F48C88960BAA69F2E259B","D09","WOOD","WOOD_005","E","grasslandHerbaceous",47.149340,-99.251664,"WGS84",1.1,0.0,0.2,"2014-07-30","2014-08-13",6,"BET.WOOD_005.2014.06","WOOD_005.E.20140813",14,"ok","ok","ok","Y","NEON.DOC.014050","a/0SlN26fEtmJ3LLysIxkaRUfZvckIBE",,0,0,0
"4CBA877A055D4A26B35D6A1CA0E0C710","D09","WOOD","WOOD_005","N","grasslandHerbaceous",47.149519,-99.251929,"WGS84",1.1,0.0,0.2,"2014-07-30","2014-08-13",6,"BET.WOOD_005.2014.06","WOOD_005.N.20140813",14,"ok","ok","ok","Y","NEON.DOC.014050","a/0SlN26fEtmJ3LLysIxkaRUfZvckIBE",,0,0,0
"E2F0614B28EA4AD4B764184A6655F466","D09","WOOD","WOOD_005","W","grasslandHerbaceous",47.149339,-99.252192,"WGS84",1.1,0.0,0.2,"2014-07-30","2014-08-13",6,"BET.WOOD_005.2014.06","WOOD_005.W.20140813",14,"ok","ok","ok","Y","NEON.DOC.014050","a/0SlN26fEtmJ3LLysIxkaRUfZvckIBE",,0,0,0
"490338F94E08410CB5ECFFBEFFB4EEFC","D09","WOOD","WOOD_004","W","grasslandHerbaceous",47.125839,-99.254065,"WGS84",1.1,0.0,0.2,"2014-07-30","2014-08-13",6,"BET.WOOD_004.2014.06","WOOD_004.W.20140813",14,"ok","ok","ok","Y","NEON.DOC.014050","a/0SlN26fEtmJ3LLysIxkaRUfZvckIBE",,0,0,0
"59F3FA52A96C4D12B4021B378AFCC06C","D09","WOOD","WOOD_004","E","grasslandHerbaceous",47.125840,-99.253537,"WGS84",1.1,0.0,0.2,"2014-07-30","2014-08-13",6,"BET.WOOD_004.2014.06","WOOD_004.E.20140813",14,"ok","ok","ok","Y","NEON.DOC.014050","a/0SlN26fEtmJ3LLysIxkaRUfZvckIBE","Lip slammed to ground, could not catch beetles, trap not set.",0,0,0
"1F648321F05146FBAB3B25815B4CAB29","D09","WOOD","WOOD_004","S","grasslandHerbaceous",47.125660,-99.253800,"WGS84",1.1,0.0,0.2,"2014-07-30","2014-08-13",6,"BET.WOOD_004.2014.06","WOOD_004.S.20140813",14,"ok","ok","ok","Y","NEON.DOC.014050","a/0SlN26fEtmJ3LLysIxkaRUfZvckIBE",,0,0,0
"A1A4F12A0FF94277BC24B8071BCEF0C2","D09","WOOD","WOOD_004","N","grasslandHerbaceous",47.126020,-99.253802,"WGS84",1.1,0.0,0.2,"2014-07-30","2014-08-13",6,"BET.WOOD_004.2014.06","WOOD_004.N.20140813",14,"ok","ok","ok","Y","NEON.DOC.014050","a/0SlN26fEtmJ3LLysIxkaRUfZvckIBE",,0,0,0
"F6E9B4067DD845A0A3AC2D3E953E60B9","D09","WOOD","WOOD_024","S","emergentHerbaceousWetlands",47.150991,-99.262647,"WGS84",1.1,0.0,0.1,,"2014-08-13",6,"BET.WOOD_024.2014.06",,,,,,,"NEON.DOC.014050",,"This record is generated by the system",1,,
"DBE5E638B8D547198A3B8E2C59B2337A","D09","WOOD","WOOD_024","E","emergentHerbaceousWetlands",47.151171,-99.262385,"WGS84",1.1,0.0,0.1,,"2014-08-13",6,"BET.WOOD_024.2014.06",,,,,,,"NEON.DOC.014050",,"This record is generated by the system",1,,
"9A39AF06728A47DFACA0569CE1640E3C","D09","WOOD","WOOD_024","W","emergentHerbaceousWetlands",47.151170,-99.262912,"WGS84",1.1,0.0,0.1,,"2014-08-13",6,"BET.WOOD_024.2014.06",,,,,,,"NEON.DOC.014050",,"This record is generated by the system",1,,
"2F08C30B14DC4586B95DF5323845F216","D09","WOOD","WOOD_024","N","emergentHerbaceousWetlands",47.151351,-99.262649,"WGS84",1.1,0.0,0.1,"2014-07-30","2014-08-13",6,"BET.WOOD_024.2014.06","WOOD_024.N.20140813",14,"ok","ok","ok","Y","NEON.DOC.014050","a/0SlN26fEtmJ3LLysIxkaRUfZvckIBE",,0,0,0
"309E301034E747E786FDC75E873AAE58","D09","WOOD","WOOD_023","S","emergentHerbaceousWetlands",47.129938,-99.267269,"WGS84",1.1,0.0,0.1,"2014-07-30","2014-08-13",6,"BET.WOOD_023.2014.06","WOOD_023.S.20140813",14,"ok","ok","high","Y","NEON.DOC.014050","a/0SlN26fEtmJ3LLysIxkaRUfZvckIBE",,0,0,0
"06837F1ED03D48AF892F83429EF1E5C1","D09","WOOD","WOOD_023","W","emergentHerbaceousWetlands",47.130117,-99.267534,"WGS84",1.1,0.0,0.1,,"2014-08-13",6,"BET.WOOD_023.2014.06",,,,,,,"NEON.DOC.014050",,"This record is generated by the system",1,,
"574B38FB82FB46E3B6803364994EF462","D09","WOOD","WOOD_023","N","emergentHerbaceousWetlands",47.130298,-99.267271,"WGS84",1.1,0.0,0.1,"2014-07-30","2014-08-13",6,"BET.WOOD_023.2014.06","WOOD_023.N.20140813",14,"ok","ok","ok","Y","NEON.DOC.014050","a/0SlN26fEtmJ3LLysIxkaRUfZvckIBE",,0,0,0
"4EC3A525D7A244958973C62D6B657154","D09","WOOD","WOOD_023","E","emergentHerbaceousWetlands",47.130119,-99.267006,"WGS84",1.1,0.0,0.1,"2014-07-30","2014-08-13",6,"BET.WOOD_023.2014.06","WOOD_023.E.20140813",14,"ok","ok","ok","Y","NEON.DOC.014050","a/0SlN26fEtmJ3LLysIxkaRUfZvckIBE",,0,0,0
"543B8C27B0F5494CB09B08FCE0994508","D09","WOOD","WOOD_021","N","emergentHerbaceousWetlands",47.146817,-99.247580,"WGS84",1.1,0.0,0.2,,"2014-08-13",6,"BET.WOOD_021.2014.06",,,,,,,"NEON.DOC.014050",,"This record is generated by the system",1,,
"114A983BBAD04A5EBB4FEA1192E88D82","D09","WOOD","WOOD_021","E","emergentHerbaceousWetlands",47.146637,-99.247315,"WGS84",1.1,0.0,0.2,"2014-07-30","2014-08-13",6,"BET.WOOD_021.2014.06","WOOD_021.E.20140813",14,"ok","ok","ok","Y","NEON.DOC.014050","a/0SlN26fEtmJ3LLysIxkaRUfZvckIBE",,0,0,0
"A0CFAF5ACBEF43A583AF8E07F56705A8","D09","WOOD","WOOD_021","W","emergentHerbaceousWetlands",47.146636,-99.247843,"WGS84",1.1,0.0,0.2,,"2014-08-13",6,"BET.WOOD_021.2014.06",,,,,,,"NEON.DOC.014050",,"This record is generated by the system",1,,
"4AEC727FFE3F4C5897FE7007E50C117B","D09","WOOD","WOOD_021","S","emergentHerbaceousWetlands",47.146457,-99.247578,"WGS84",1.1,0.0,0.2,,"2014-08-27",7,"BET.WOOD_021.2014.07",,,,,,,"NEON.DOC.014050",,"This record is generated by the system",1,,
"313C02E400C342B1B421CD6783D63ED0","D09","WOOD","WOOD_003","N","grasslandHerbaceous",47.118761,-99.239945,"WGS84",1.1,0.0,0.2,"2014-08-13","2014-08-27",7,"BET.WOOD_003.2014.07","WOOD_003.N.20140827",14,"ok","ok","ok","Y","NEON.DOC.014050","a/0SlN26fEtmJ3LLysIxkaRUfZvckIBE",,0,0,0
"D38D984722534534AD8416792390DA62","D09","WOOD","WOOD_003","E","grasslandHerbaceous",47.118582,-99.239681,"WGS84",1.1,0.0,0.2,"2014-08-13","2014-08-27",7,"BET.WOOD_003.2014.07","WOOD_003.E.20140827",14,"ok","ok","ok","Y","NEON.DOC.014050","a/0SlN26fEtmJ3LLysIxkaRUfZvckIBE",,0,0,0
"45E56106FB604524BC2992EA9350FA8D","D09","WOOD","WOOD_003","S","grasslandHerbaceous",47.118401,-99.239943,"WGS84",1.1,0.0,0.2,"2014-08-13","2014-08-27",7,"BET.WOOD_003.2014.07","WOOD_003.S.20140827",14,"ok","ok","ok","Y","NEON.DOC.014050","a/0SlN26fEtmJ3LLysIxkaRUfZvckIBE",,0,0,0
"BF7CB56C4D4045A6A6BF7CDD673EBD30","D09","WOOD","WOOD_003","W","grasslandHerbaceous",47.118581,-99.240208,"WGS84",1.1,0.0,0.2,"2014-08-13","2014-08-27",7,"BET.WOOD_003.2014.07","WOOD_003.W.20140827",14,"ok","ok","ok","Y","NEON.DOC.014050","a/0SlN26fEtmJ3LLysIxkaRUfZvckIBE",,0,0,0
"99A7C1F8FF1F42089C58BCB9B63FB1E4","D09","WOOD","WOOD_002","N","grasslandHerbaceous",47.136314,-99.232896,"WGS84",1.1,0.0,0.2,"2014-08-13","2014-08-27",7,"BET.WOOD_002.2014.07","WOOD_002.N.20140827",14,"ok","ok","ok","Y","NEON.DOC.014050","a/0SlN26fEtmJ3LLysIxkaRUfZvckIBE",,0,0,0
"06D967E00458471692121EAEAD84E599","D09","WOOD","WOOD_002","S","grasslandHerbaceous",47.135954,-99.232895,"WGS84",1.1,0.0,0.2,"2014-08-13","2014-08-27",7,"BET.WOOD_002.2014.07","WOOD_002.S.20140827",14,"ok","ok","ok","Y","NEON.DOC.014050","a/0SlN26fEtmJ3LLysIxkaRUfZvckIBE",,0,0,0
"BC31D9746E5F4F3F9FEF8863EC799DAF","D09","WOOD","WOOD_002","W","grasslandHerbaceous",47.136133,-99.233159,"WGS84",1.1,0.0,0.2,"2014-08-13","2014-08-27",7,"BET.WOOD_002.2014.07","WOOD_002.W.20140827",14,"ok","ok","ok","Y","NEON.DOC.014050","a/0SlN26fEtmJ3LLysIxkaRUfZvckIBE",,0,0,0
"C12C0AB8802645EC9BFD4B4ACB352AEC","D09","WOOD","WOOD_002","E","grasslandHerbaceous",47.136135,-99.232632,"WGS84",1.1,0.0,0.2,"2014-08-13","2014-08-27",7,"BET.WOOD_002.2014.07","WOOD_002.E.20140827",14,"ok","ok","ok","Y","NEON.DOC.014050","a/0SlN26fEtmJ3LLysIxkaRUfZvckIBE",,0,0,0
"30DCE2DC7482404E85DF5FD9C0A55244","D09","WOOD","WOOD_001","W","grasslandHerbaceous",47.128257,-99.258032,"WGS84",1.1,0.0,0.2,"2014-08-13","2014-08-27",7,"BET.WOOD_001.2014.07","WOOD_001.W.20140827",14,"ok","ok","ok","Y","NEON.DOC.014050","a/0SlN26fEtmJ3LLysIxkaRUfZvckIBE",,0,0,0
"0E12D34B98094ADFB0CAFB85D7B43688","D09","WOOD","WOOD_001","N","grasslandHerbaceous",47.128438,-99.257769,"WGS84",1.1,0.0,0.2,"2014-08-13","2014-08-27",7,"BET.WOOD_001.2014.07","WOOD_001.N.20140827",14,"ok","ok","ok","Y","NEON.DOC.014050","a/0SlN26fEtmJ3LLysIxkaRUfZvckIBE",,0,0,0
"4D9051B415B4403C8ACD8700E4123087","D09","WOOD","WOOD_001","S","grasslandHerbaceous",47.128078,-99.257767,"WGS84",1.1,0.0,0.2,"2014-08-13","2014-08-27",7,"BET.WOOD_001.2014.07","WOOD_001.S.20140827",14,"ok","ok","ok","Y","NEON.DOC.014050","a/0SlN26fEtmJ3LLysIxkaRUfZvckIBE",,0,0,0
"95737B926AE04CA08628AA42ACB8A1BF","D09","WOOD","WOOD_001","E","grasslandHerbaceous",47.128258,-99.257504,"WGS84",1.1,0.0,0.2,"2014-08-13","2014-08-27",7,"BET.WOOD_001.2014.07","WOOD_001.E.20140827",14,"ok","ok","ok","Y","NEON.DOC.014050","a/0SlN26fEtmJ3LLysIxkaRUfZvckIBE",,0,0,0
"2E3D084E248349DA863186DC0D7E78BE","D09","WOOD","WOOD_007","W","grasslandHerbaceous",47.134755,-99.250158,"WGS84",1.1,0.0,0.1,"2014-08-13","2014-08-27",7,"BET.WOOD_007.2014.07","WOOD_007.W.20140827",14,"ok","ok","ok","Y","NEON.DOC.014050","a/0SlN26fEtmJ3LLysIxkaRUfZvckIBE",,0,0,0
"31691ADC51384895893545978D2A278B","D09","WOOD","WOOD_007","E","grasslandHerbaceous",47.134756,-99.249631,"WGS84",1.1,0.0,0.1,"2014-08-13","2014-08-27",7,"BET.WOOD_007.2014.07","WOOD_007.E.20140827",14,"ok","ok","ok","Y","NEON.DOC.014050","a/0SlN26fEtmJ3LLysIxkaRUfZvckIBE",,0,0,0
"C8C36441D3C74D74A1ECE3B72DB7660E","D09","WOOD","WOOD_007","S","grasslandHerbaceous",47.134575,-99.249894,"WGS84",1.1,0.0,0.1,"2014-08-13","2014-08-27",7,"BET.WOOD_007.2014.07","WOOD_007.S.20140827",14,"ok","ok","ok","Y","NEON.DOC.014050","a/0SlN26fEtmJ3LLysIxkaRUfZvckIBE",,0,0,0
"9B8EC8DD3AC8445DBE5F5BBD860302E5","D09","WOOD","WOOD_007","N","grasslandHerbaceous",47.134935,-99.249895,"WGS84",1.1,0.0,0.1,"2014-08-13","2014-08-27",7,"BET.WOOD_007.2014.07","WOOD_007.N.20140827",14,"ok","ok","ok","Y","NEON.DOC.014050","a/0SlN26fEtmJ3LLysIxkaRUfZvckIBE",,0,0,0
"BD87C7E7CBCD4BACB7DA7A2931EF3DF7","D09","WOOD","WOOD_006","S","grasslandHerbaceous",47.142138,-99.247172,"WGS84",1.1,0.0,0.2,"2014-08-13","2014-08-27",7,"BET.WOOD_006.2014.07","WOOD_006.S.20140827",14,"ok","ok","ok","Y","NEON.DOC.014050","a/0SlN26fEtmJ3LLysIxkaRUfZvckIBE",,0,0,0
"F40B693D21154ABBA50CC6267B769CC8","D09","WOOD","WOOD_006","N","grasslandHerbaceous",47.142498,-99.247173,"WGS84",1.1,0.0,0.2,"2014-08-13","2014-08-27",7,"BET.WOOD_006.2014.07","WOOD_006.N.20140827",14,"ok","disturbed","ok","Y","NEON.DOC.014050","a/0SlN26fEtmJ3LLysIxkaRUfZvckIBE","Nails not down all the day on N cup.",0,0,0
"5346125A81E7429CB2C5E4366168C90E","D09","WOOD","WOOD_006","E","grasslandHerbaceous",47.142319,-99.246909,"WGS84",1.1,0.0,0.2,"2014-08-13","2014-08-27",7,"BET.WOOD_006.2014.07","WOOD_006.E.20140827",14,"ok","ok","ok","Y","NEON.DOC.014050","a/0SlN26fEtmJ3LLysIxkaRUfZvckIBE",,0,0,0
"001F07B4C86C4D67BE15FF1AD3145861","D09","WOOD","WOOD_006","W","grasslandHerbaceous",47.142318,-99.247436,"WGS84",1.1,0.0,0.2,"2014-08-13","2014-08-27",7,"BET.WOOD_006.2014.07","WOOD_006.W.20140827",14,"ok","ok","ok","Y","NEON.DOC.014050","a/0SlN26fEtmJ3LLysIxkaRUfZvckIBE",,0,0,0
"98105DC24E844A7E844D6DCBEA9E8261","D09","WOOD","WOOD_005","W","grasslandHerbaceous",47.149339,-99.252192,"WGS84",1.1,0.0,0.2,"2014-08-13","2014-08-27",7,"BET.WOOD_005.2014.07","WOOD_005.W.20140827",14,"ok","ok","ok","Y","NEON.DOC.014050","a/0SlN26fEtmJ3LLysIxkaRUfZvckIBE",,0,0,0
"DEB4E8882D2744BD813CF8F41B71EAED","D09","WOOD","WOOD_005","E","grasslandHerbaceous",47.149340,-99.251664,"WGS84",1.1,0.0,0.2,"2014-08-13","2014-08-27",7,"BET.WOOD_005.2014.07","WOOD_005.E.20140827",14,"ok","ok","ok","Y","NEON.DOC.014050","a/0SlN26fEtmJ3LLysIxkaRUfZvckIBE",,0,0,0
"F7E20A3951894DD6BB2D7D589469A1D0","D09","WOOD","WOOD_005","N","grasslandHerbaceous",47.149519,-99.251929,"WGS84",1.1,0.0,0.2,"2014-08-13","2014-08-27",7,"BET.WOOD_005.2014.07","WOOD_005.N.20140827",14,"ok","ok","ok","Y","NEON.DOC.014050","a/0SlN26fEtmJ3LLysIxkaRUfZvckIBE",,0,0,0
"62BC2148A11347CAA1DF7724D6F06153","D09","WOOD","WOOD_005","S","grasslandHerbaceous",47.149159,-99.251927,"WGS84",1.1,0.0,0.2,"2014-08-13","2014-08-27",7,"BET.WOOD_005.2014.07","WOOD_005.S.20140827",14,"ok","ok","ok","Y","NEON.DOC.014050","a/0SlN26fEtmJ3LLysIxkaRUfZvckIBE",,0,0,0
"026D147B18184304A2863F27977DCF3C","D09","WOOD","WOOD_004","W","grasslandHerbaceous",47.125839,-99.254065,"WGS84",1.1,0.0,0.2,"2014-08-13","2014-08-27",7,"BET.WOOD_004.2014.07","WOOD_004.W.20140827",14,"ok","ok","ok","Y","NEON.DOC.014050","a/0SlN26fEtmJ3LLysIxkaRUfZvckIBE",,0,0,0
"C6D7617A4CC04789AB6383908B5A16CC","D09","WOOD","WOOD_004","N","grasslandHerbaceous",47.126020,-99.253802,"WGS84",1.1,0.0,0.2,"2014-08-13","2014-08-27",7,"BET.WOOD_004.2014.07","WOOD_004.N.20140827",14,"ok","ok","ok","Y","NEON.DOC.014050","a/0SlN26fEtmJ3LLysIxkaRUfZvckIBE",,0,0,0
"ED24218429C04042A284CBCDECDE4F1E","D09","WOOD","WOOD_004","E","grasslandHerbaceous",47.125840,-99.253537,"WGS84",1.1,0.0,0.2,"2014-08-13","2014-08-27",7,"BET.WOOD_004.2014.07","WOOD_004.E.20140827",14,"ok","ok","ok","Y","NEON.DOC.014050","a/0SlN26fEtmJ3LLysIxkaRUfZvckIBE",,0,0,0
"238CF21B07DF41C68082F555BDF5352D","D09","WOOD","WOOD_004","S","grasslandHerbaceous",47.125660,-99.253800,"WGS84",1.1,0.0,0.2,"2014-08-13","2014-08-27",7,"BET.WOOD_004.2014.07","WOOD_004.S.20140827",14,"ok","ok","ok","Y","NEON.DOC.014050","a/0SlN26fEtmJ3LLysIxkaRUfZvckIBE",,0,0,0
"5A98C9EC2492496681664C2A17CA9844","D09","WOOD","WOOD_024","N","emergentHerbaceousWetlands",47.151351,-99.262649,"WGS84",1.1,0.0,0.1,"2014-08-13","2014-08-27",7,"BET.WOOD_024.2014.07","WOOD_024.N.20140827",14,"ok","ok","ok","Y","NEON.DOC.014050","a/0SlN26fEtmJ3LLysIxkaRUfZvckIBE",,0,0,0
"C542D647921144D99C76649DEBAF7EC0","D09","WOOD","WOOD_024","E","emergentHerbaceousWetlands",47.151171,-99.262385,"WGS84",1.1,0.0,0.1,,"2014-08-27",7,"BET.WOOD_024.2014.07",,,,,,,"NEON.DOC.014050",,"This record is generated by the system",1,,
"F555F4361C1B4B499F1F90F94B3EF482","D09","WOOD","WOOD_024","S","emergentHerbaceousWetlands",47.150991,-99.262647,"WGS84",1.1,0.0,0.1,,"2014-08-27",7,"BET.WOOD_024.2014.07",,,,,,,"NEON.DOC.014050",,"This record is generated by the system",1,,
"0F3E59D2572644B0A8C886F8D668A94D","D09","WOOD","WOOD_024","W","emergentHerbaceousWetlands",47.151170,-99.262912,"WGS84",1.1,0.0,0.1,"2014-08-13","2014-08-27",7,"BET.WOOD_024.2014.07","WOOD_024.W.20140827",14,"ok","ok","ok","Y","NEON.DOC.014050","a/0SlN26fEtmJ3LLysIxkaRUfZvckIBE",,0,0,0
"7276F9C85BA64561A6937F70C162A82C","D09","WOOD","WOOD_023","N","emergentHerbaceousWetlands",47.130298,-99.267271,"WGS84",1.1,0.0,0.1,"2014-08-13","2014-08-27",7,"BET.WOOD_023.2014.07","WOOD_023.N.20140827",14,"ok","ok","ok","Y","NEON.DOC.014050","a/0SlN26fEtmJ3LLysIxkaRUfZvckIBE",,0,0,0
"7E200F070B6A4123A417D3279066C703","D09","WOOD","WOOD_023","E","emergentHerbaceousWetlands",47.130119,-99.267006,"WGS84",1.1,0.0,0.1,"2014-08-13","2014-08-27",7,"BET.WOOD_023.2014.07","WOOD_023.E.20140827",14,"ok","ok","ok","Y","NEON.DOC.014050","a/0SlN26fEtmJ3LLysIxkaRUfZvckIBE",,0,0,0
"CB6F99351DEC438E9E027BFD713B805D","D09","WOOD","WOOD_023","S","emergentHerbaceousWetlands",47.129938,-99.267269,"WGS84",1.1,0.0,0.1,"2014-08-13","2014-08-27",7,"BET.WOOD_023.2014.07","WOOD_023.S.20140827",14,"ok","ok","high","Y","NEON.DOC.014050","a/0SlN26fEtmJ3LLysIxkaRUfZvckIBE",,0,0,0
"E4215057CAC746459B14744A3AC960E8","D09","WOOD","WOOD_023","W","emergentHerbaceousWetlands",47.130117,-99.267534,"WGS84",1.1,0.0,0.1,,"2014-08-27",7,"BET.WOOD_023.2014.07",,,,,,,"NEON.DOC.014050",,"This record is generated by the system",1,,
"F10CBB70C7CA4EB9954CAE835B966858","D09","WOOD","WOOD_021","W","emergentHerbaceousWetlands",47.146636,-99.247843,"WGS84",1.1,0.0,0.2,,"2014-08-27",7,"BET.WOOD_021.2014.07",,,,,,,"NEON.DOC.014050",,"This record is generated by the system",1,,
"60EE5D58E40D462B8929785F3211AB02","D09","WOOD","WOOD_021","E","emergentHerbaceousWetlands",47.146637,-99.247315,"WGS84",1.1,0.0,0.2,"2014-08-13","2014-08-27",7,"BET.WOOD_021.2014.07","WOOD_021.E.20140827",14,"ok","ok","ok","Y","NEON.DOC.014050","a/0SlN26fEtmJ3LLysIxkaRUfZvckIBE",,0,0,0
"38E9621A955A4808BA6A97B5BA4077D8","D09","WOOD","WOOD_021","N","emergentHerbaceousWetlands",47.146817,-99.247580,"WGS84",1.1,0.0,0.2,,"2014-08-27",7,"BET.WOOD_021.2014.07",,,,,,,"NEON.DOC.014050",,"This record is generated by the system",1,,
"872A9031BA2F432B978CCEAA3F087CF9","D09","WOOD","WOOD_021","S","emergentHerbaceousWetlands",47.146457,-99.247578,"WGS84",1.1,0.0,0.2,,"2014-09-10",8,"BET.WOOD_021.2014.08",,,,,,,"NEON.DOC.014050",,"This record is generated by the system",1,,
"F2524F185D2E4E469734A5838F4CE53F","D09","WOOD","WOOD_021","E","emergentHerbaceousWetlands",47.146637,-99.247315,"WGS84",1.1,0.0,0.2,"2014-08-27","2014-09-10",8,"BET.WOOD_021.2014.08","WOOD_021.E.20140910",14,"ok","ok","ok","N","NEON.DOC.014050","a/0SlN26fEtmJ3LLysIxkaRUfZvckIBE",,0,0,0
"4510F88B423D46659958538EF893EA7C","D09","WOOD","WOOD_021","N","emergentHerbaceousWetlands",47.146817,-99.247580,"WGS84",1.1,0.0,0.2,,"2014-09-10",8,"BET.WOOD_021.2014.08",,,,,,,"NEON.DOC.014050",,"This record is generated by the system",1,,
"A19A68B945A142D4B955299A9B726E19","D09","WOOD","WOOD_021","W","emergentHerbaceousWetlands",47.146636,-99.247843,"WGS84",1.1,0.0,0.2,,"2014-09-10",8,"BET.WOOD_021.2014.08",,,,,,,"NEON.DOC.014050",,"This record is generated by the system",1,,
"C2D467E98F594B6395B556E453D6716F","D09","WOOD","WOOD_023","N","emergentHerbaceousWetlands",47.130298,-99.267271,"WGS84",1.1,0.0,0.1,"2014-08-27","2014-09-10",8,"BET.WOOD_023.2014.08","WOOD_023.N.20140910",14,"ok","ok","ok","N","NEON.DOC.014050","a/0SlN26fEtmJ3LLysIxkaRUfZvckIBE",,0,0,0
"00A1CE953C0046B88D574FECC284ED3E","D09","WOOD","WOOD_023","E","emergentHerbaceousWetlands",47.130119,-99.267006,"WGS84",1.1,0.0,0.1,"2014-08-27","2014-09-10",8,"BET.WOOD_023.2014.08","WOOD_023.E.20140910",14,"ok","ok","ok","N","NEON.DOC.014050","a/0SlN26fEtmJ3LLysIxkaRUfZvckIBE",,0,0,0
"89B5C9D11CC547B4AD802D52AF4B3342","D09","WOOD","WOOD_023","S","emergentHerbaceousWetlands",47.129938,-99.267269,"WGS84",1.1,0.0,0.1,"2014-08-27","2014-09-10",8,"BET.WOOD_023.2014.08","WOOD_023.S.20140910",14,"ok","ok","ok","N","NEON.DOC.014050","a/0SlN26fEtmJ3LLysIxkaRUfZvckIBE",,0,0,0
"D810CB1CAB93497C876FF74A7AE6B312","D09","WOOD","WOOD_023","W","emergentHerbaceousWetlands",47.130117,-99.267534,"WGS84",1.1,0.0,0.1,,"2014-09-10",8,"BET.WOOD_023.2014.08",,,,,,,"NEON.DOC.014050",,"This record is generated by the system",1,,
"B142EC5E85824277A0006BABD1E12500","D09","WOOD","WOOD_024","W","emergentHerbaceousWetlands",47.151170,-99.262912,"WGS84",1.1,0.0,0.1,"2014-08-27","2014-09-10",8,"BET.WOOD_024.2014.08","WOOD_024.W.20140910",14,"ok","ok","ok","N","NEON.DOC.014050","a/0SlN26fEtmJ3LLysIxkaRUfZvckIBE",,0,0,0
"C852D11A74C64E4FB8DDCC7FDF0658CC","D09","WOOD","WOOD_024","N","emergentHerbaceousWetlands",47.151351,-99.262649,"WGS84",1.1,0.0,0.1,"2014-08-27","2014-09-10",8,"BET.WOOD_024.2014.08","WOOD_024.N.20140910",14,"ok","ok","ok","N","NEON.DOC.014050","a/0SlN26fEtmJ3LLysIxkaRUfZvckIBE",,0,0,0
"9C88CCA0503944EA8EF6856A11AA7F68","D09","WOOD","WOOD_024","S","emergentHerbaceousWetlands",47.150991,-99.262647,"WGS84",1.1,0.0,0.1,,"2014-09-10",8,"BET.WOOD_024.2014.08",,,,,,,"NEON.DOC.014050",,"This record is generated by the system",1,,
"4A2E58515D14453C91CF5EACA0BC6D50","D09","WOOD","WOOD_024","E","emergentHerbaceousWetlands",47.151171,-99.262385,"WGS84",1.1,0.0,0.1,,"2014-09-10",8,"BET.WOOD_024.2014.08",,,,,,,"NEON.DOC.014050",,"This record is generated by the system",1,,
"2A4794E5EB724AADA6697EB3DB8E9D66","D09","WOOD","WOOD_004","S","grasslandHerbaceous",47.125660,-99.253800,"WGS84",1.1,0.0,0.2,"2014-08-27","2014-09-10",8,"BET.WOOD_004.2014.08","WOOD_004.S.20140910",14,"ok","ok","ok","N","NEON.DOC.014050","a/0SlN26fEtmJ3LLysIxkaRUfZvckIBE",,0,0,0
"EA36E6838D3E45F9813681B1A98842CE","D09","WOOD","WOOD_004","E","grasslandHerbaceous",47.125840,-99.253537,"WGS84",1.1,0.0,0.2,"2014-08-27","2014-09-10",8,"BET.WOOD_004.2014.08","WOOD_004.E.20140910",14,"ok","ok","ok","N","NEON.DOC.014050","a/0SlN26fEtmJ3LLysIxkaRUfZvckIBE",,0,0,0
"186499B098C745ED872EA2DDE1188A78","D09","WOOD","WOOD_004","N","grasslandHerbaceous",47.126020,-99.253802,"WGS84",1.1,0.0,0.2,"2014-08-27","2014-09-10",8,"BET.WOOD_004.2014.08","WOOD_004.N.20140910",14,"ok","ok","ok","N","NEON.DOC.014050","a/0SlN26fEtmJ3LLysIxkaRUfZvckIBE",,0,0,0
"29F0DDFD92E84F84A3B7871476DDFCC5","D09","WOOD","WOOD_004","W","grasslandHerbaceous",47.125839,-99.254065,"WGS84",1.1,0.0,0.2,"2014-08-27","2014-09-10",8,"BET.WOOD_004.2014.08","WOOD_004.W.20140910",14,"ok","ok","ok","N","NEON.DOC.014050","a/0SlN26fEtmJ3LLysIxkaRUfZvckIBE",,0,0,0
"E2A0ABF33D52439A8BAB1322C4541183","D09","WOOD","WOOD_005","S","grasslandHerbaceous",47.149159,-99.251927,"WGS84",1.1,0.0,0.2,"2014-08-27","2014-09-10",8,"BET.WOOD_005.2014.08","WOOD_005.S.20140910",14,"ok","ok","ok","N","NEON.DOC.014050","a/0SlN26fEtmJ3LLysIxkaRUfZvckIBE",,0,0,0
"637415B94BE644E684F17C0FDB95CC11","D09","WOOD","WOOD_005","W","grasslandHerbaceous",47.149339,-99.252192,"WGS84",1.1,0.0,0.2,"2014-08-27","2014-09-10",8,"BET.WOOD_005.2014.08","WOOD_005.W.20140910",14,"ok","ok","ok","N","NEON.DOC.014050","a/0SlN26fEtmJ3LLysIxkaRUfZvckIBE",,0,0,0
"A0022141150E438D8829CB9848933ADD","D09","WOOD","WOOD_005","E","grasslandHerbaceous",47.149340,-99.251664,"WGS84",1.1,0.0,0.2,"2014-08-27","2014-09-10",8,"BET.WOOD_005.2014.08","WOOD_005.E.20140910",14,"ok","ok","ok","N","NEON.DOC.014050","a/0SlN26fEtmJ3LLysIxkaRUfZvckIBE",,0,0,0
"FC50DE58B3D5420089678CD7A0E87161","D09","WOOD","WOOD_005","N","grasslandHerbaceous",47.149519,-99.251929,"WGS84",1.1,0.0,0.2,"2014-08-27","2014-09-10",8,"BET.WOOD_005.2014.08","WOOD_005.N.20140910",14,"ok","ok","ok","N","NEON.DOC.014050","a/0SlN26fEtmJ3LLysIxkaRUfZvckIBE",,0,0,0
"0651B639605242EA9939474FE2E9EAFE","D09","WOOD","WOOD_006","E","grasslandHerbaceous",47.142319,-99.246909,"WGS84",1.1,0.0,0.2,"2014-08-27","2014-09-10",8,"BET.WOOD_006.2014.08","WOOD_006.E.20140910",14,"ok","ok","ok","N","NEON.DOC.014050","a/0SlN26fEtmJ3LLysIxkaRUfZvckIBE",,0,0,0
"79EC632DA6414185BC5AA9FAA57DD3AC","D09","WOOD","WOOD_006","W","grasslandHerbaceous",47.142318,-99.247436,"WGS84",1.1,0.0,0.2,"2014-08-27","2014-09-10",8,"BET.WOOD_006.2014.08","WOOD_006.W.20140910",14,"ok","ok","ok","N","NEON.DOC.014050","a/0SlN26fEtmJ3LLysIxkaRUfZvckIBE",,0,0,0
"D1689130E8334D6D92E60F20162E47F1","D09","WOOD","WOOD_006","S","grasslandHerbaceous",47.142138,-99.247172,"WGS84",1.1,0.0,0.2,"2014-08-27","2014-09-10",8,"BET.WOOD_006.2014.08","WOOD_006.S.20140910",14,"ok","ok","ok","N","NEON.DOC.014050","a/0SlN26fEtmJ3LLysIxkaRUfZvckIBE",,0,0,0
"13F6B836FF3C4C8E8F4C4780149B3B3E","D09","WOOD","WOOD_006","N","grasslandHerbaceous",47.142498,-99.247173,"WGS84",1.1,0.0,0.2,"2014-08-27","2014-09-10",8,"BET.WOOD_006.2014.08","WOOD_006.N.20140910",14,"ok","ok","ok","N","NEON.DOC.014050","a/0SlN26fEtmJ3LLysIxkaRUfZvckIBE",,0,0,0
"490C37C181F6462D9AAFF1409A51573A","D09","WOOD","WOOD_007","W","grasslandHerbaceous",47.134755,-99.250158,"WGS84",1.1,0.0,0.1,"2014-08-27","2014-09-10",8,"BET.WOOD_007.2014.08","WOOD_007.W.20140910",14,"ok","ok","ok","N","NEON.DOC.014050","a/0SlN26fEtmJ3LLysIxkaRUfZvckIBE",,0,0,0
"A6C06A47D9A84E34841B4C1596FC3A51","D09","WOOD","WOOD_007","S","grasslandHerbaceous",47.134575,-99.249894,"WGS84",1.1,0.0,0.1,"2014-08-27","2014-09-10",8,"BET.WOOD_007.2014.08","WOOD_007.S.20140910",14,"ok","ok","ok","N","NEON.DOC.014050","a/0SlN26fEtmJ3LLysIxkaRUfZvckIBE",,0,0,0
"FE3D49A1E53643A0973B997426BFD6EB","D09","WOOD","WOOD_007","N","grasslandHerbaceous",47.134935,-99.249895,"WGS84",1.1,0.0,0.1,"2014-08-27","2014-09-10",8,"BET.WOOD_007.2014.08","WOOD_007.N.20140910",14,"ok","ok","ok","N","NEON.DOC.014050","a/0SlN26fEtmJ3LLysIxkaRUfZvckIBE",,0,0,0
"843EC2BFB6DF4E1E83AAFB10898E1E88","D09","WOOD","WOOD_007","E","grasslandHerbaceous",47.134756,-99.249631,"WGS84",1.1,0.0,0.1,"2014-08-27","2014-09-10",8,"BET.WOOD_007.2014.08","WOOD_007.E.20140910",14,"ok","ok","ok","N","NEON.DOC.014050","a/0SlN26fEtmJ3LLysIxkaRUfZvckIBE",,0,0,0
"390C667AD30A4C10948BF96DEF98DC31","D09","WOOD","WOOD_001","N","grasslandHerbaceous",47.128438,-99.257769,"WGS84",1.1,0.0,0.2,"2014-08-27","2014-09-10",8,"BET.WOOD_001.2014.08","WOOD_001.N.20140910",14,"ok","ok","ok","N","NEON.DOC.014050","a/0SlN26fEtmJ3LLysIxkaRUfZvckIBE",,0,0,0
"FD13397B1A00481D96D8684E0BAD9CDE","D09","WOOD","WOOD_001","W","grasslandHerbaceous",47.128257,-99.258032,"WGS84",1.1,0.0,0.2,"2014-08-27","2014-09-10",8,"BET.WOOD_001.2014.08","WOOD_001.W.20140910",14,"ok","ok","ok","N","NEON.DOC.014050","a/0SlN26fEtmJ3LLysIxkaRUfZvckIBE",,0,0,0
"6A24BA363C48436684751F7AF2BA9891","D09","WOOD","WOOD_001","E","grasslandHerbaceous",47.128258,-99.257504,"WGS84",1.1,0.0,0.2,"2014-08-27","2014-09-10",8,"BET.WOOD_001.2014.08","WOOD_001.E.20140910",14,"ok","ok","ok","N","NEON.DOC.014050","a/0SlN26fEtmJ3LLysIxkaRUfZvckIBE",,0,0,0
"DD5DB3434E504E45A88F28A1D5CD419A","D09","WOOD","WOOD_001","S","grasslandHerbaceous",47.128078,-99.257767,"WGS84",1.1,0.0,0.2,"2014-08-27","2014-09-10",8,"BET.WOOD_001.2014.08","WOOD_001.S.20140910",14,"ok","ok","ok","N","NEON.DOC.014050","a/0SlN26fEtmJ3LLysIxkaRUfZvckIBE",,0,0,0
"0B895E95D8B0473E9867B3B5B09F0B0F","D09","WOOD","WOOD_002","E","grasslandHerbaceous",47.136135,-99.232632,"WGS84",1.1,0.0,0.2,"2014-08-27","2014-09-10",8,"BET.WOOD_002.2014.08","WOOD_002.E.20140910",14,"ok","ok","ok","N","NEON.DOC.014050","a/0SlN26fEtmJ3LLysIxkaRUfZvckIBE",,0,0,0
"2F2CED5E9E0142B4B405DEAF648FE30D","D09","WOOD","WOOD_002","N","grasslandHerbaceous",47.136314,-99.232896,"WGS84",1.1,0.0,0.2,"2014-08-27","2014-09-10",8,"BET.WOOD_002.2014.08","WOOD_002.N.20140910",14,"ok","ok","ok","N","NEON.DOC.014050","a/0SlN26fEtmJ3LLysIxkaRUfZvckIBE",,0,0,0
"0EDF18A41CBD40679128E56FDBBE3798","D09","WOOD","WOOD_002","S","grasslandHerbaceous",47.135954,-99.232895,"WGS84",1.1,0.0,0.2,"2014-08-27","2014-09-10",8,"BET.WOOD_002.2014.08","WOOD_002.S.20140910",14,"ok","ok","ok","N","NEON.DOC.014050","a/0SlN26fEtmJ3LLysIxkaRUfZvckIBE",,0,0,0
"C1356F78792C4953A68293CE83835475","D09","WOOD","WOOD_002","W","grasslandHerbaceous",47.136133,-99.233159,"WGS84",1.1,0.0,0.2,"2014-08-27","2014-09-10",8,"BET.WOOD_002.2014.08","WOOD_002.W.20140910",14,"ok","ok","ok","N","NEON.DOC.014050","a/0SlN26fEtmJ3LLysIxkaRUfZvckIBE",,0,0,0
"3813E09E4B2F4712AA4816557875FDF6","D09","WOOD","WOOD_003","S","grasslandHerbaceous",47.118401,-99.239943,"WGS84",1.1,0.0,0.2,"2014-08-27","2014-09-10",8,"BET.WOOD_003.2014.08","WOOD_003.S.20140910",14,"ok","ok","ok","N","NEON.DOC.014050","a/0SlN26fEtmJ3LLysIxkaRUfZvckIBE",,0,0,0
"FD7F31A3772E49F4AA5E2314AE6AC44C","D09","WOOD","WOOD_003","N","grasslandHerbaceous",47.118761,-99.239945,"WGS84",1.1,0.0,0.2,"2014-08-27","2014-09-10",8,"BET.WOOD_003.2014.08","WOOD_003.N.20140910",14,"ok","ok","ok","N","NEON.DOC.014050","a/0SlN26fEtmJ3LLysIxkaRUfZvckIBE",,0,0,0
"010DA108BFB9488AABEE0C76D38E8F58","D09","WOOD","WOOD_003","E","grasslandHerbaceous",47.118582,-99.239681,"WGS84",1.1,0.0,0.2,"2014-08-27","2014-09-10",8,"BET.WOOD_003.2014.08","WOOD_003.E.20140910",14,"ok","ok","ok","N","NEON.DOC.014050","a/0SlN26fEtmJ3LLysIxkaRUfZvckIBE",,0,0,0
"C17162678F1E48FAAB4402CEF6A10821","D09","WOOD","WOOD_003","W","grasslandHerbaceous",47.118581,-99.240208,"WGS84",1.1,0.0,0.2,"2014-08-27","2014-09-10",8,"BET.WOOD_003.2014.08","WOOD_003.W.20140910",14,"ok","ok","ok","N","NEON.DOC.014050","a/0SlN26fEtmJ3LLysIxkaRUfZvckIBE",,0,0,0
